gbifID,date,lat,lon
3113324817,2021-05-03T00:00:00Z,42.71866,-71.02505
3113265027,2020-07-23T00:00:00Z,42.77262,-70.92279
3112884694,2018-07-27T00:00:00Z,45.55137,-77.3392
3112868997,2014-08-02T00:00:00Z,45.59892,-75.10845
3112801563,2017-08-09T00:00:00Z,43.29168,-79.88353
3112534506,2020-07-15T00:00:00Z,45.50393,-75.49164
3112451904,2021-05-02T00:00:00Z,42.30171,-71.11912
3112444406,2017-08-07T00:00:00Z,43.29328,-79.88134
3112344868,2021-04-30T00:00:00Z,40.86684,-73.87575
3112325156,2021-05-01T00:00:00Z,42.01761,-70.86821
3109387558,2021-04-29T00:00:00Z,40.3772,-74.42707
3109313338,2019-06-23T00:00:00Z,44.35542,-78.30705
3108987560,2018-09-01T00:00:00Z,45.48129,-75.59794
3097340351,2019-08-12T00:00:00Z,43.45737,-74.4018
3090862808,2020-08-21T00:00:00Z,44.8432,-79.62474
3090860551,2019-06-25T00:00:00Z,40.33081,-74.9426
3090853569,2019-09-18T00:00:00Z,41.8977,-72.83252
3090826533,2019-07-16T00:00:00Z,44.93639,-79.78167
3090824784,2020-08-01T00:00:00Z,44.37766,-77.31204
3090794412,2018-07-24T00:00:00Z,42.75287,-78.72765
3090786787,2020-08-01T00:00:00Z,45.62498,-76.2082
3090618788,2020-07-25T00:00:00Z,45.01356,-79.83678
3090614813,2020-07-25T00:00:00Z,45.07146,-79.813
3090600706,2020-05-23T00:00:00Z,42.33529,-71.75017
3090600456,2014-08-14T00:00:00Z,44.11549,-74.63545
3090593584,2019-09-01T00:00:00Z,45.27063,-76.20678
3090589412,2018-08-08T00:00:00Z,44.38222,-74.30164
3090531278,2019-08-12T00:00:00Z,40.99394,-76.05873
3079921459,2019-07-21T00:00:00Z,45.30597,-79.89357
3079896782,2019-08-15T00:00:00Z,45.37421,-78.91496
3079807873,2020-08-11T00:00:00Z,45.52305,-74.27941
3079733965,2020-08-13T00:00:00Z,42.7156,-71.03868
3079712038,2020-07-15T00:00:00Z,45.59838,-75.08358
3079689917,2020-07-25T00:00:00Z,45.39586,-73.75357
3079671891,2020-07-17T00:00:00Z,43.28275,-79.89902
3079571613,2019-07-18T00:00:00Z,42.10825,-71.3214
3079568482,2018-08-03T00:00:00Z,45.63723,-74.67645
3079527856,2020-07-10T00:00:00Z,43.29486,-79.87443
3079504631,2019-07-20T00:00:00Z,44.86256,-79.45446
3079477346,2005-07-03T00:00:00Z,40.59831,-79.99746
3070676334,2020-07-03T00:00:00Z,45.04927,-78.51689
3070604095,2020-06-16T00:00:00Z,40.72019,-74.4983
3070584953,2020-06-28T00:00:00Z,42.65903,-70.62327
3070578686,2019-06-22T00:00:00Z,40.10972,-74.86106
3070574421,2012-07-23T00:00:00Z,45.50185,-75.49645
3070551411,2011-07-20T00:00:00Z,45.50185,-75.49645
3070534005,2020-06-29T00:00:00Z,42.67145,-71.48546
3070500439,2012-08-01T00:00:00Z,45.50185,-75.49645
3070352445,2016-07-18T00:00:00Z,45.47263,-75.57291
3070346535,2018-07-18T00:00:00Z,44.98111,-76.48532
3070337726,2019-07-26T00:00:00Z,42.62889,-71.28832
3070277594,2019-04-28T00:00:00Z,40.50459,-74.25373
3070258384,2011-07-14T00:00:00Z,45.50185,-75.49645
3067954020,2020-06-26T00:00:00Z,42.86603,-72.55911
3067952028,2020-06-15T00:00:00Z,42.12014,-71.16734
3067950608,2019-06-22T00:00:00Z,42.09285,-71.17628
3067947008,2020-06-27T00:00:00Z,41.35026,-71.94867
3067921019,2020-07-08T00:00:00Z,43.52486,-72.07899
3067907006,2020-07-18T00:00:00Z,43.34317,-70.5573
3067849354,2020-09-13T00:00:00Z,43.49459,-72.10917
3067827079,2020-07-13T00:00:00Z,42.62392,-71.55713
3067812735,2018-07-27T00:00:00Z,45.39724,-72.67474
3067758721,2019-08-30T00:00:00Z,45.32679,-79.75133
3067679087,2020-08-08T00:00:00Z,43.19946,-72.507320000000007
3067675078,2020-06-28T00:00:00Z,45.38566,-75.68677
3067661159,2020-07-30T00:00:00Z,43.49961,-72.09707
3067656163,2020-09-11T00:00:00Z,43.18177,-72.45092
3067655145,2020-07-30T00:00:00Z,43.49961,-72.09707
3067654994,2020-05-28T00:00:00Z,42.06948,-71.15605
3067652603,2019-08-28T00:00:00Z,41.83854,-73.93873
3067651066,2020-08-10T00:00:00Z,42.10826,-71.32145
3067646686,2019-08-19T00:00:00Z,43.52385,-72.1231
3067639996,2020-07-17T00:00:00Z,40.04341,-74.99332
3067636715,2016-07-04T00:00:00Z,43.52629,-72.12376
3067627017,2020-07-25T00:00:00Z,43.36068,-72.49589
3067620044,2020-07-21T00:00:00Z,43.51501,-72.1136
3067618726,2017-06-08T00:00:00Z,41.63413,-70.89311
3067616682,2019-09-07T00:00:00Z,43.5291,-72.11969
3067615061,2020-07-08T00:00:00Z,43.52483,-72.07904
3067614707,2008-07-12T00:00:00Z,42.10809,-71.32139
3067607201,2020-09-12T00:00:00Z,44.62582,-73.24098
3061743053,2010-08-01T00:00:00Z,44.88649,-79.83573
3061731429,2020-06-25T00:00:00Z,42.47745,-71.33204
3061714437,2020-09-01T00:00:00Z,45.03946,-76.15726
3061702532,2013-07-21T00:00:00Z,40.57642,-74.4558
3061561451,2020-08-22T00:00:00Z,42.84874,-78.85355
3059069082,2019-09-14T00:00:00Z,42.47736,-76.45102
3059018625,2020-09-04T00:00:00Z,42.40232,-73.56933
3059016536,2020-06-28T00:00:00Z,40.31266,-74.60668
3058987943,2010-08-01T00:00:00Z,44.88779,-79.83562
3058985862,2020-07-26T00:00:00Z,40.64002,-74.44818
3058973534,2020-07-21T00:00:00Z,45.25714,-72.13676
3058968538,2020-07-05T00:00:00Z,40.77896,-74.72127
3058948563,2020-08-30T00:00:00Z,40.77731,-73.43722
3058906815,1996-07-03T00:00:00Z,43.60224,-70.90407
3058893468,2017-07-26T00:00:00Z,42.84938,-78.85681
3058864550,2020-08-31T00:00:00Z,43.83338,-73.70816
3058860415,2021-03-04T00:00:00Z,40.4294,-74.46812
3058825518,2020-07-09T00:00:00Z,41.14246,-74.30139
3058823690,2009-08-12T00:00:00Z,44.21893,-74.43129
3058765596,2020-08-19T00:00:00Z,42.78059,-73.42631
3058753378,2019-08-14T00:00:00Z,41.77724,-75.83356
3058748675,2017-07-22T00:00:00Z,44.54535,-77.805
3058735534,2020-07-25T00:00:00Z,42.7839,-77.51283
3058720533,2020-07-12T00:00:00Z,45.37732,-78.00385
3058708587,2020-08-27T00:00:00Z,42.99941,-78.72738
3058701530,2020-07-08T00:00:00Z,41.11329,-77.50679
3058697421,2019-08-25T00:00:00Z,45.46323,-75.61878
3058688710,2009-08-24T00:00:00Z,44.05627,-74.76375
3053453464,1975-06-30T00:00:00Z,41.46895,-71.5557
3053372774,1978-08-15T00:00:00Z,41.4403,-71.5732
3044827774,2008-07-08T00:00:00Z,42.69918,-70.99508
3044802943,2016-07-03T00:00:00Z,43.33494,-76.68928
3044801703,2010-07-29T00:00:00Z,44.99242,-77.08566
3044762117,2018-07-13T00:00:00Z,44.54789,-73.12553
3044753598,2020-07-16T00:00:00Z,41.59504,-73.94438
3044665419,2014-07-24T00:00:00Z,43.29299,-79.88466
3044663792,2008-08-01T00:00:00Z,42.63288,-70.90386
3044598616,2020-07-16T00:00:00Z,41.5955,-73.94443
3044584174,2010-07-10T00:00:00Z,41.91629,-73.15559
3044573691,2019-08-26T00:00:00Z,41.40348,-73.94032
3044554671,2020-09-07T00:00:00Z,41.8367,-73.94074
3039501838,2020-08-10T00:00:00Z,45.03834,-78.53111
3039469021,2013-07-13T00:00:00Z,43.29253,-79.88536
3039355600,2020-07-17T00:00:00Z,42.96234,-78.96414
3039332633,2020-07-20T00:00:00Z,44.01635,-70.86119
3039325837,2020-08-10T00:00:00Z,45.05237,-78.51983
3039310815,2013-07-21T00:00:00Z,40.9006,-79.46035
3039303577,2020-07-16T00:00:00Z,42.03732,-79.69903
3039302801,2019-08-01T00:00:00Z,44.15051,-74.79801
3039302161,2020-07-28T00:00:00Z,40.43708,-79.94797
3039265931,2013-08-14T00:00:00Z,43.29421,-79.88464
3039257972,2020-08-15T00:00:00Z,45.8269,-71.1795
3039207343,2018-06-10T00:00:00Z,44.50927,-78.88522
3039191699,2020-09-12T00:00:00Z,40.03826,-78.62289
3039133662,2020-09-23T00:00:00Z,44.20616,-77.59318
3032123058,2020-08-18T00:00:00Z,45.3732,-75.79082
3032047438,2020-07-28T00:00:00Z,42.28025,-72.04502
3031966759,2020-06-17T00:00:00Z,42.30134,-71.11978
3031943836,2020-07-28T00:00:00Z,41.75491,-74.08678
3031866509,2019-08-07T00:00:00Z,41.15953,-71.58037
3031859500,2019-07-15T00:00:00Z,44.91066,-77.28354
3031834953,2020-08-09T00:00:00Z,40.17052,-75.09432
3031812253,2007-08-15T00:00:00Z,45.59892,-75.10845
3031699378,2019-08-03T00:00:00Z,45.99658,-79.00484
3018149468,2020-07-25T00:00:00Z,42.34116,-76.72862
3018149355,2019-07-31T00:00:00Z,43.81313,-74.69961
3018146373,2019-09-29T00:00:00Z,41.9643,-71.2775
3018146360,2019-08-15T00:00:00Z,43.10252,-71.14064
3018143362,2019-08-11T00:00:00Z,42.76797,-71.99609
3018142423,2020-07-06T00:00:00Z,43.26814,-73.69182
3018142341,2019-08-31T00:00:00Z,41.45909,-73.82939
3018141434,2019-08-28T00:00:00Z,44.53386,-73.27601
3018140363,2019-07-16T00:00:00Z,41.71816,-73.90256
3018139444,2020-07-04T00:00:00Z,40.28435,-74.65514
3018137511,2018-07-20T00:00:00Z,42.4794,-76.4516
3018131362,2019-08-21T00:00:00Z,44.31547,-74.12035
3018130472,2020-08-06T00:00:00Z,43.48774,-73.77934
3018130461,2020-07-25T00:00:00Z,41.20474,-74.34474
3018129478,2020-08-13T00:00:00Z,43.19064,-74.54996
3018127355,2019-08-22T00:00:00Z,42.36026,-79.32228
3018122474,2020-08-02T00:00:00Z,40.90626,-72.67106
3018122442,2020-06-25T00:00:00Z,40.98105,-72.29965
3018110433,2020-07-04T00:00:00Z,40.70259,-73.99592
3018104357,2019-08-14T00:00:00Z,41.62437,-73.06786
3018101483,2020-07-25T00:00:00Z,43.28249,-73.69792
3018096365,2019-08-19T00:00:00Z,41.7515,-70.76106
3018096360,2019-08-11T00:00:00Z,41.7854,-71.86568
3018093341,2019-09-09T00:00:00Z,40.69491,-73.33044
3018088356,2019-09-10T00:00:00Z,40.77513,-73.97324
3018085446,2020-06-30T00:00:00Z,40.79756,-73.95397
3018083498,2020-09-17T00:00:00Z,40.50728,-74.21801
3018081423,2020-06-26T00:00:00Z,40.79495,-73.95194
3018072548,2020-07-14T00:00:00Z,40.91565,-72.8541
3018069458,2020-07-16T00:00:00Z,40.10985,-74.86089
3018028356,2019-08-19T00:00:00Z,41.75163,-70.7598
3018024445,2020-07-08T00:00:00Z,42.72449,-73.80654
3018023596,2018-09-07T00:00:00Z,41.38,-71.52594
3018018348,2019-08-10T00:00:00Z,41.5021,-74.55148
3018016452,2020-06-30T00:00:00Z,42.34995,-76.73887
3018016362,2019-08-30T00:00:00Z,42.25423,-71.33762
3018015446,2020-07-08T00:00:00Z,43.05603,-78.97352
3018011443,2020-07-04T00:00:00Z,41.21508,-74.25409
3018010574,2018-09-02T00:00:00Z,41.50384,-73.5948
3018004319,2018-05-30T00:00:00Z,41.98079,-70.96654
3018000491,2020-08-10T00:00:00Z,41.91866,-74.07597
3017998463,2020-07-18T00:00:00Z,42.03662,-79.69888
3017993505,2020-09-27T00:00:00Z,40.96507,-72.29677
3017978364,2019-08-31T00:00:00Z,42.46211,-71.47307
3017977441,2020-07-03T00:00:00Z,43.87368,-73.61017
3017976367,2019-08-22T00:00:00Z,42.35396,-79.31833
3017973509,2020-09-21T00:00:00Z,41.18684,-74.11304
3017969352,2019-08-22T00:00:00Z,42.57191,-71.03659
3017966443,2020-07-02T00:00:00Z,42.48014,-76.4519
3017960477,2020-08-13T00:00:00Z,40.84433,-72.8402
3017956358,2019-08-22T00:00:00Z,42.35098,-79.32709
3017948357,2018-08-31T00:00:00Z,42.84333,-72.13944
3017947516,2020-07-16T00:00:00Z,44.48303,-75.6449
3017947444,2020-07-05T00:00:00Z,40.90003,-72.7893
3017947442,2020-07-05T00:00:00Z,40.90368,-72.8189
3017944450,2020-07-05T00:00:00Z,40.90019,-72.78944
3017943457,2019-08-13T00:00:00Z,44.22032,-74.43263
3017942359,2019-08-20T00:00:00Z,41.30329,-73.99196
3017941456,2020-07-26T00:00:00Z,42.40239,-73.56971
3015222310,2020-07-19T00:00:00Z,41.64609,-75.37711
3014100616,2020-07-05T00:00:00Z,43.69568,-71.00908
3014097881,2007-08-13T00:00:00Z,45.36171,-79.88254
3014097492,2020-07-17T00:00:00Z,41.83314,-70.9413
3014095479,2020-07-11T00:00:00Z,41.6,-71.93
3014094437,2020-06-27T00:00:00Z,42.74162,-71.07161
3014093464,2020-07-07T00:00:00Z,42.21608,-71.99964
3014092466,2020-07-12T00:00:00Z,43.17252,-72.44315
3014090468,2020-06-25T00:00:00Z,42.55271,-71.37309
3014088459,2020-07-07T00:00:00Z,44.38168,-71.5244
3014084431,2020-07-02T00:00:00Z,41.57456,-72.66156
3014083462,2020-07-12T00:00:00Z,42.28181,-71.18725
3014081480,2020-07-11T00:00:00Z,42.49813,-72.52616
3014079470,2020-06-26T00:00:00Z,41.90914,-71.38429
3014078473,2020-07-05T00:00:00Z,42.61014,-71.09324
3014063450,2020-07-08T00:00:00Z,42.4285,-71.35226
3014057474,2020-06-27T00:00:00Z,42.33517,-71.75012
3014047547,2020-09-16T00:00:00Z,41.53459,-71.80828
3014025483,2020-07-11T00:00:00Z,42.31693,-71.37184
3014007467,2020-07-12T00:00:00Z,41.64282,-72.53147
3014007465,2020-07-16T00:00:00Z,42.67252,-72.20766
3014007460,2020-07-04T00:00:00Z,41.76209,-72.48983
3014005127,2020-08-01T00:00:00Z,44.37766,-77.3121
3013994463,2020-06-28T00:00:00Z,42.17035,-71.27896
3013991443,2020-06-26T00:00:00Z,42.46922,-71.35072
3013987957,2020-07-25T00:00:00Z,45.18989,-79.83963
3013983450,2020-07-07T00:00:00Z,42.95524,-71.9413
3013982447,2020-06-27T00:00:00Z,42.74018,-72.04147
3013975480,2020-07-17T00:00:00Z,42.49658,-71.70402
3013947450,2020-07-11T00:00:00Z,42.25529,-71.33789
3013942463,2020-07-08T00:00:00Z,41.55705,-70.6027
3013936985,2020-07-19T00:00:00Z,45.02506,-78.87646
3013933504,2020-09-16T00:00:00Z,42.60214,-71.8841
3013929475,2020-07-21T00:00:00Z,41.8763,-71.74958
3013929474,2020-07-21T00:00:00Z,41.74514,-70.11209
3013923467,2020-06-28T00:00:00Z,41.87077,-71.46125
3013922538,2019-08-11T00:00:00Z,43.10373,-71.68424
3013904512,2020-08-02T00:00:00Z,41.82713,-72.8155
3013903487,2020-08-09T00:00:00Z,41.76897,-72.19141
3013903463,2020-07-03T00:00:00Z,42.47733,-71.33201
3013901916,2020-07-11T00:00:00Z,45.03494,-79.50243
3013901479,2020-07-30T00:00:00Z,44.62357,-73.21422
3013896466,2020-07-17T00:00:00Z,42.42569,-71.47003
3013882455,2020-06-28T00:00:00Z,42.62713,-70.91796
3013875494,2020-07-11T00:00:00Z,41.81708,-71.70256
3013871438,2020-06-27T00:00:00Z,42.3398,-71.42778
3013868482,2020-07-20T00:00:00Z,42.2817,-71.18979
3013868469,2020-07-09T00:00:00Z,42.78244,-71.66109
3013863468,2020-07-12T00:00:00Z,41.80118,-72.29726
3008438495,2020-07-17T00:00:00Z,41.75622,-72.18258
3008408707,2020-08-27T00:00:00Z,45.39138,-71.91994
3008388573,2020-08-20T00:00:00Z,44.25048,-72.25415
3008386571,2020-08-20T00:00:00Z,44.24111,-72.23948
3005247458,2020-07-21T00:00:00Z,45.33024,-72.19576
3005240446,2020-07-15T00:00:00Z,45.68112,-74.40965
3005225431,2020-07-10T00:00:00Z,43.72545,-79.60944
3005205916,2015-07-15T00:00:00Z,43.2951,-79.88396
3005204460,2020-08-05T00:00:00Z,45.87694,-73.23731
3005157439,2020-07-23T00:00:00Z,45.39385,-71.92435
3005150454,2020-07-21T00:00:00Z,45.78274,-75.33304
3005078456,2020-07-22T00:00:00Z,45.69303,-74.5155
2999184455,2020-07-12T00:00:00Z,43.79369,-71.77708
2999140889,2014-09-09T00:00:00Z,42.39716,-71.14726
2999128072,2020-08-07T00:00:00Z,44.17527,-70.27468
2999040459,2020-07-31T00:00:00Z,42.30505,-73.76921
2992876499,2020-08-31T00:00:00Z,45.51831,-76.45599
2992759832,2020-07-18T00:00:00Z,42.1942,-71.10034
2992758524,2020-09-05T00:00:00Z,41.11977,-78.74084
2992756505,2020-08-21T00:00:00Z,44.38097,-74.30661
2992754511,2020-08-30T00:00:00Z,45.40111,-75.7782
2992726482,2015-08-05T00:00:00Z,41.62283,-72.32282
2992726440,2020-06-27T00:00:00Z,41.09106,-74.17796
2992677725,2020-07-14T00:00:00Z,40.90515,-72.673330000000007
2988664992,2016-07-17T00:00:00Z,44.78659,-76.56135
2988634965,2015-08-01T00:00:00Z,43.29285,-79.88351
2988613479,2020-07-18T00:00:00Z,44.27782,-76.72842
2988595278,2012-08-03T00:00:00Z,45.36387,-78.72789
2988583721,2020-08-07T00:00:00Z,42.50234,-71.86244
2988529959,2020-08-06T00:00:00Z,44.93587,-73.19265
2988367578,2020-07-18T00:00:00Z,43.48814,-71.54652
2988321619,2020-08-13T00:00:00Z,40.86998,-72.96872
2984476857,2020-10-20T00:00:00Z,43.83342,-78.99041
2984431009,2020-09-12T00:00:00Z,45.82769,-74.19295
2984352843,2020-09-27T00:00:00Z,42.36078,-72.49162
2981024652,2020-08-07T00:00:00Z,42.38933,-71.15056
2980874829,2020-09-21T00:00:00Z,45.54957,-78.56833
2980862964,2018-07-12T00:00:00Z,42.6379,-71.59374
2980839468,2020-09-25T00:00:00Z,44.62565,-73.24008
2980825824,2020-09-21T00:00:00Z,45.54977,-78.57533
2980771795,2019-09-13T00:00:00Z,44.07129,-70.81688
2978272746,2020-08-06T00:00:00Z,42.67327,-71.49288
2978124619,2020-07-27T00:00:00Z,44.53475,-73.27808
2978096444,2020-08-19T00:00:00Z,42.5172,-71.83434
2978005162,2020-08-18T00:00:00Z,41.45896,-71.46908
2978004646,2020-08-15T00:00:00Z,43.95898,-72.68787
2977974878,2020-09-19T00:00:00Z,40.66722,-75.83765
2977946952,2020-07-24T00:00:00Z,42.10077,-70.82677
2977937374,2020-09-05T00:00:00Z,40.86363,-73.87907
2977932699,2020-08-02T00:00:00Z,45.87513,-74.10421
2977835252,2020-07-12T00:00:00Z,45.00263,-78.39868
2977819437,2020-09-03T00:00:00Z,41.24456,-73.18586
2977817534,2020-09-26T00:00:00Z,40.92821,-74.37502
2977754880,2020-07-11T00:00:00Z,42.37363,-71.14065
2977741456,2020-07-26T00:00:00Z,45.28382,-72.16296
2977667618,2020-07-26T00:00:00Z,41.86344,-70.75118
2977522184,2020-08-03T00:00:00Z,43.81659,-74.59441
2977346440,2020-07-14T00:00:00Z,42.72867,-72.17659
2977268953,2020-07-06T00:00:00Z,42.01384,-71.08123
2977109798,2020-07-20T00:00:00Z,43.93611,-72.58964
2977068434,2020-06-24T00:00:00Z,41.45073,-72.4601
2976885795,2020-06-30T00:00:00Z,42.7387,-71.20348
2976537481,2020-07-27T00:00:00Z,41.76704,-72.17675
2976343701,2020-08-22T00:00:00Z,41.63959,-71.97894
2976326131,2020-07-07T00:00:00Z,43.2952,-79.87446
2976240442,2020-07-21T00:00:00Z,42.00631,-74.11143
2976176349,2020-07-31T00:00:00Z,45.51986,-76.15143
2976164250,2020-08-18T00:00:00Z,44.72771,-79.84371
2976040754,2020-08-10T00:00:00Z,45.39876,-79.20791
2976012512,2020-08-01T00:00:00Z,45.86366,-74.13678
2976002381,2020-08-13T00:00:00Z,41.29951,-73.98466
2975959504,2020-07-27T00:00:00Z,41.76704,-72.17675
2975926724,2020-07-27T00:00:00Z,45.43694,-79.30889
2975886229,2020-07-07T00:00:00Z,42.0973,-71.62312
2975852615,2020-07-27T00:00:00Z,41.76704,-72.17675
2975841669,2020-07-26T00:00:00Z,42.08722,-72.16775
2975786936,2020-07-06T00:00:00Z,41.27524,-77.43257
2975777820,2020-07-10T00:00:00Z,42.10832,-71.32121
2975736649,2020-06-30T00:00:00Z,40.18624,-74.99331
2975691931,2020-07-15T00:00:00Z,42.60205,-72.09015
2975559343,2020-09-05T00:00:00Z,40.03379,-78.63555
2974403047,2020-07-16T00:00:00Z,45.55111,-73.31472
2974386410,2020-07-07T00:00:00Z,45.85332,-72.07484
2963949466,2020-08-03T00:00:00Z,44.6208,-76.24988
2963944417,2020-08-01T00:00:00Z,45.55683,-75.90688
2963942472,2020-08-19T00:00:00Z,44.82403,-78.80311
2963937405,2020-07-30T00:00:00Z,41.88308,-70.57524
2963935375,2020-06-18T00:00:00Z,45.2901,-79.79841
2963932418,2020-07-13T00:00:00Z,45.02521,-79.32295
2963932417,2020-07-08T00:00:00Z,44.48256,-78.18191
2963921407,2020-07-09T00:00:00Z,45.65896,-77.56552
2963916387,2020-05-30T00:00:00Z,44.59832,-78.79564
2963912394,2020-06-17T00:00:00Z,44.87941,-76.14742
2963902441,2020-08-24T00:00:00Z,45.21614,-79.88381
2963899375,2020-06-12T00:00:00Z,44.53614,-76.56307
2963894415,2020-07-04T00:00:00Z,44.85639,-79.31084
2963893478,2020-09-28T00:00:00Z,40.50822,-74.57072
2963887463,2020-09-21T00:00:00Z,44.4911,-78.22997
2963873426,2020-08-08T00:00:00Z,45.22381,-76.70109
2963868405,2020-07-06T00:00:00Z,44.4778,-77.30393
2963867390,2020-07-07T00:00:00Z,45.50268,-75.49115
2963866391,2020-07-11T00:00:00Z,45.42455,-75.66801
2963866385,2020-07-05T00:00:00Z,45.18802,-77.59603
2963863384,2020-06-14T00:00:00Z,44.50173,-76.43921
2963861450,2020-09-04T00:00:00Z,45.41195,-78.84129
2963848440,2020-08-24T00:00:00Z,44.74545,-78.21704
2963845401,2020-07-14T00:00:00Z,45.0197,-78.94448
2963842504,2020-07-18T00:00:00Z,42.19693,-71.10373
2963831437,2020-08-28T00:00:00Z,45.17823,-79.20888
2963830414,2020-07-29T00:00:00Z,45.12352,-78.54733
2963830399,2020-06-25T00:00:00Z,44.46511,-76.67861
2963827404,2020-06-21T00:00:00Z,43.68629,-79.36702
2963816416,2020-07-04T00:00:00Z,42.25424,-71.33739
2963815407,2020-07-06T00:00:00Z,44.5899,-78.07236
2963811393,2020-07-05T00:00:00Z,45.05029,-79.104
2963786419,2020-07-29T00:00:00Z,44.82556,-77.00111
2963777458,2020-09-09T00:00:00Z,44.83891,-79.17987
2963774407,2020-07-01T00:00:00Z,45.50082,-75.49614
2963765386,2020-06-20T00:00:00Z,44.42878,-76.13865
2963757470,2020-09-24T00:00:00Z,44.56028,-77.11913
2963742508,2020-07-20T00:00:00Z,44.89239,-79.75632
2901823803,2020-10-17T00:00:00Z,40.79481,-73.95756
2901820899,2020-10-18T00:00:00Z,40.86618,-74.00153
2901695627,2020-10-13T00:00:00Z,40.25121,-76.92836
2901670395,2020-05-28T00:00:00Z,42.640860000000004,-72.08342
2901531752,2017-08-07T00:00:00Z,45.85408,-72.07513
2901515523,2020-08-30T00:00:00Z,41.54874,-71.7012
2898526462,2020-08-26T00:00:00Z,45.6071,-75.11427
2898473268,2020-10-14T00:00:00Z,40.66485,-73.5173
2898459318,2020-10-15T00:00:00Z,41.23302,-74.11719
2898454455,2020-08-20T00:00:00Z,42.23421,-71.70346
2898346446,2020-08-09T00:00:00Z,42.27801,-71.20136
2898311465,2020-08-10T00:00:00Z,42.60434,-71.59648
2898310082,2020-08-16T00:00:00Z,42.5609,-71.28477
2898300423,2020-07-12T00:00:00Z,45.59854,-75.08316
2898281453,2020-08-12T00:00:00Z,42.61885,-72.35285
2898265455,2020-08-07T00:00:00Z,42.5408,-71.63387
2898261453,2020-08-09T00:00:00Z,42.30557,-73.13203
2883217536,2020-10-08T00:00:00Z,40.92416,-73.94427
2883148802,2020-10-03T00:00:00Z,40.7949,-73.95183
2883102470,2020-09-07T00:00:00Z,42.17437,-71.20932
2883075475,2020-10-07T00:00:00Z,42.29304,-71.31068
2882990482,2020-09-01T00:00:00Z,42.36845,-71.14748
2873901605,2020-09-26T00:00:00Z,40.79913,-73.47546
2873858430,2020-07-18T00:00:00Z,42.009,-71.55129
2873846552,2020-09-25T00:00:00Z,40.054,-75.21913
2873828816,2020-10-01T00:00:00Z,43.28274,-79.89896
2873803658,2020-09-20T00:00:00Z,44.92535,-78.66864
2873792075,2020-09-28T00:00:00Z,45.01812,-76.36518
2873743662,2020-09-25T00:00:00Z,40.86615,-74.00158
2868366335,2020-09-20T00:00:00Z,41.01018,-74.7352
2868351145,2020-09-20T00:00:00Z,40.86622,-74.00161
2868338222,2020-09-20T00:00:00Z,42.62308,-72.37754
2868248003,2020-09-19T00:00:00Z,43.38213,-72.4999
2868204573,2020-09-20T00:00:00Z,42.47111,-71.32485
2868116651,2020-09-17T00:00:00Z,40.73137,-74.92216
2868105865,2020-08-17T00:00:00Z,44.43015,-76.38029
2864865569,2020-09-15T00:00:00Z,44.55928,-78.22544
2864831623,2020-09-15T00:00:00Z,43.75527,-72.2309
2864800494,2020-08-12T00:00:00Z,41.30311,-75.18851
2864795520,2020-08-08T00:00:00Z,41.44786,-79.97031
2864788812,2020-09-11T00:00:00Z,40.93934,-77.14518
2864786923,2020-09-09T00:00:00Z,44.89793,-77.1935
2864780662,2020-08-29T00:00:00Z,41.5978,-73.20033
2864773520,2020-08-23T00:00:00Z,40.27783,-76.08849
2864760116,2020-09-05T00:00:00Z,42.41725,-71.48797
2864756464,2020-07-21T00:00:00Z,40.02715,-78.64635
2864733487,2020-07-23T00:00:00Z,40.49794,-79.88192
2864730457,2020-08-06T00:00:00Z,41.34307,-79.88344
2864729490,2020-07-04T00:00:00Z,40.52486,-79.89133
2864711640,2020-08-26T00:00:00Z,45.50443,-75.49196
2864709336,2019-05-31T00:00:00Z,44.56301,-72.4238
2864699702,2020-09-13T00:00:00Z,40.71388,-74.51593
2864698183,2020-09-13T00:00:00Z,40.86552,-74.00217
2864656600,2020-09-07T00:00:00Z,40.28601,-79.39751
2864605470,2020-08-14T00:00:00Z,40.84552,-75.79826
2864593527,2020-08-08T00:00:00Z,40.66398,-79.66203
2864592577,2020-09-04T00:00:00Z,42.86548,-72.56088
2864584885,2020-09-14T00:00:00Z,41.50214,-74.55151
2864563104,2020-09-15T00:00:00Z,40.86618,-74.00158
2862675436,2020-09-10T00:00:00Z,42.84875,-78.85363
2862635393,2020-09-09T00:00:00Z,40.79484,-73.9516
2862570789,2020-09-05T00:00:00Z,40.58712,-74.26261
2862570629,2020-09-04T00:00:00Z,42.60756,-72.41529
2862560631,2020-08-08T00:00:00Z,45.321040000000004,-79.97627
2862557620,2020-09-04T00:00:00Z,40.86618,-74.00154
2862557192,2020-09-08T00:00:00Z,40.92777,-73.96686
2862545605,2020-09-04T00:00:00Z,45.48836,-79.9163
2862513222,2020-09-07T00:00:00Z,42.12069,-71.1668
2862507025,2020-09-06T00:00:00Z,45.49838,-75.49812
2862506288,2020-07-14T00:00:00Z,42.16111,-75.98217
2862499546,2020-08-20T00:00:00Z,45.38067,-75.82093
2862463186,2020-09-07T00:00:00Z,42.63704,-72.12614
2862429553,2020-09-03T00:00:00Z,44.92043,-78.06979
2862408316,2011-07-31T00:00:00Z,44.74072,-78.17847
2862352173,2020-09-06T00:00:00Z,40.792230000000004,-73.54515
2862348800,2020-09-05T00:00:00Z,40.58703,-74.26085
2860258380,2019-07-27T00:00:00Z,43.09965,-71.65841
2860206384,2019-07-19T00:00:00Z,44.24183,-72.24074
2860184929,2020-08-30T00:00:00Z,40.95156,-74.50067
2860176488,2020-07-18T00:00:00Z,44.32877,-74.11792
2860165263,2020-09-01T00:00:00Z,43.09804,-73.7795
2860161277,2020-09-01T00:00:00Z,42.17602,-71.05444
2860161002,2020-08-30T00:00:00Z,45.25285,-73.80083
2860158321,2020-07-23T00:00:00Z,41.68476,-73.89326
2860147019,2020-08-30T00:00:00Z,42.43273,-71.32699
2860140099,2020-08-30T00:00:00Z,43.81983,-70.20357
2860116100,2020-08-31T00:00:00Z,43.83249,-73.70906
2860113027,2020-08-29T00:00:00Z,45.08835,-79.30167
2860105265,2020-09-01T00:00:00Z,40.70432,-74.50065
2860087513,2020-09-01T00:00:00Z,42.86014,-70.9248
2860065699,2020-08-28T00:00:00Z,40.86101,-73.87916
2859985949,2020-08-30T00:00:00Z,44.90691,-76.50161
2859965438,2020-07-12T00:00:00Z,41.60439,-71.11952
2859960963,2020-08-30T00:00:00Z,40.86616,-74.00158
2859949965,2020-08-22T00:00:00Z,45.29308,-76.73959
2859949138,2020-08-31T00:00:00Z,42.51248,-72.15468
2859941635,2020-08-28T00:00:00Z,43.66543,-70.30688
2859916665,2020-08-28T00:00:00Z,42.63593,-72.12811
2859903480,2020-07-18T00:00:00Z,44.32877,-74.11792
2859897282,2020-09-01T00:00:00Z,42.6328,-72.34026
2859892282,2020-08-31T00:00:00Z,43.25948,-71.55463
2859414209,2001-07-12T00:00:00Z,42.00333,-79.9
2859413902,1995-07-30T00:00:00Z,44.0175,-74.73083
2859413202,2014-09-07T00:00:00Z,43.339,-76.695
2859411872,1995-07-30T00:00:00Z,44.12972,-74.64444
2859411211,2010-06-24T00:00:00Z,41.82778,-75.47694
2859376184,2004-07-23T00:00:00Z,41.80644,-79.839
2859132231,2005-07-14T00:00:00Z,41.56657,-79.94447
2859129305,1973-07-05T00:00:00Z,41.56667,-79.93333
2859118916,1989-08-21T00:00:00Z,43.02006,-78.96563
2859116231,2002-07-25T00:00:00Z,41.93333,-79.98333
2859116216,2000-07-14T00:00:00Z,43.25083,-70.98167
2859109284,1975-09-01T00:00:00Z,40.8539,-79.94977
2856772806,2020-08-21T00:00:00Z,44.78593,-78.94395
2856772274,2020-08-20T00:00:00Z,41.3431,-76.29954
2856745094,2020-08-24T00:00:00Z,45.5242,-71.77832
2856702467,2020-07-30T00:00:00Z,43.16016,-74.54193
2856693950,2020-08-22T00:00:00Z,43.11808,-71.99966
2856688344,2020-08-23T00:00:00Z,43.65525,-74.30828
2856687519,2020-08-27T00:00:00Z,44.46565,-76.70142
2856662966,2020-08-23T00:00:00Z,42.17736,-73.11869
2856659666,2020-08-21T00:00:00Z,42.45718,-72.5904
2856647286,2020-08-23T00:00:00Z,45.40235,-72.69682
2856642523,2020-08-16T00:00:00Z,42.4441,-71.96192
2856633823,2020-08-22T00:00:00Z,44.91309,-79.75342
2856629776,2020-08-22T00:00:00Z,40.67004,-75.83239
2856628666,2020-08-20T00:00:00Z,44.93778,-77.2291
2856587363,2020-08-26T00:00:00Z,40.50891,-74.45717
2856566256,2020-08-12T00:00:00Z,45.38504,-75.68622
2856556663,2020-08-21T00:00:00Z,40.92802,-73.96704
2856551527,2020-08-10T00:00:00Z,45.14938,-78.63958
2856528624,2020-08-20T00:00:00Z,44.89874,-76.23427
2856503113,2020-08-24T00:00:00Z,42.47726,-71.33158
2856492852,2020-08-21T00:00:00Z,40.90515,-72.67279
2851320569,2020-08-19T00:00:00Z,45.50053,-75.49985
2851282548,2020-08-01T00:00:00Z,44.94502,-79.41699
2851276745,2020-08-14T00:00:00Z,44.72751,-79.84351
2851276016,2020-08-16T00:00:00Z,40.31306,-74.60808
2851262572,2020-08-13T00:00:00Z,43.46636,-72.75737
2851257209,2020-07-03T00:00:00Z,41.798,-70.92489
2851217512,2020-07-22T00:00:00Z,42.48545,-71.03538
2851204673,2020-08-07T00:00:00Z,40.79482,-73.95179
2851200913,2020-08-08T00:00:00Z,40.11252,-74.85879
2851198646,2020-08-06T00:00:00Z,44.52796,-76.52889
2851198486,2020-08-06T00:00:00Z,44.82435,-71.95352
2851190831,2020-08-08T00:00:00Z,42.68406,-72.17241
2851185310,2020-08-16T00:00:00Z,40.9972,-72.94292
2851182410,2020-08-16T00:00:00Z,43.19625,-70.87946
2851180466,2020-08-05T00:00:00Z,42.63939,-72.23977
2851178480,2020-08-19T00:00:00Z,40.86615,-74.00154
2851173522,2020-08-09T00:00:00Z,44.90986,-78.06807
2851171398,2020-08-18T00:00:00Z,44.53532,-73.27824
2851168160,2020-08-10T00:00:00Z,42.20755,-72.10215
2851166718,2020-08-07T00:00:00Z,40.79745,-73.95416
2851164447,2020-07-28T00:00:00Z,45.01739,-76.36251
2851161895,2020-08-15T00:00:00Z,41.33981,-72.49315
2851142270,2020-08-10T00:00:00Z,42.24952,-73.12275
2851138028,2020-08-15T00:00:00Z,42.25573,-71.33784
2851136860,2020-08-04T00:00:00Z,44.91461,-77.28908
2851132450,2020-07-12T00:00:00Z,42.55142,-71.37301
2851126055,2020-08-15T00:00:00Z,43.11766,-72.00037
2851122775,2020-08-06T00:00:00Z,45.39562,-73.75338
2851121975,2020-08-15T00:00:00Z,45.39566,-73.75332
2851120657,2020-08-06T00:00:00Z,42.28465,-71.1799
2851114864,2020-08-14T00:00:00Z,42.41118,-71.45525
2851112748,2020-08-07T00:00:00Z,45.06876,-79.10349
2851103684,2020-08-13T00:00:00Z,40.96312,-72.93849
2851100950,2020-08-07T00:00:00Z,45.37331,-75.79099
2851100484,2020-08-05T00:00:00Z,42.28716,-71.19758
2851099928,2020-07-15T00:00:00Z,45.30979,-79.79625
2851096741,2020-08-14T00:00:00Z,43.43055,-71.53767
2851093842,2020-08-01T00:00:00Z,45.37022,-75.79404
2851090189,2020-07-31T00:00:00Z,43.49244,-73.20705
2851069167,2020-08-17T00:00:00Z,41.88071,-71.0002
2851068888,2020-08-15T00:00:00Z,42.3966,-71.36475
2851063000,2020-08-16T00:00:00Z,42.94094,-73.77547
2851061903,2020-08-08T00:00:00Z,40.05238,-75.23106
2851052637,2020-08-05T00:00:00Z,44.9232,-78.07121
2851046858,2005-08-13T00:00:00Z,45.55397,-78.59676
2851045819,2020-08-08T00:00:00Z,42.67432,-72.1697
2851032227,2020-08-12T00:00:00Z,44.94338,-79.51173
2851025932,2020-08-02T00:00:00Z,41.44691,-71.98834
2851025160,2020-08-01T00:00:00Z,45.46398,-76.2649
2851009255,2020-07-30T00:00:00Z,44.11976,-70.24837
2850998399,2019-06-26T00:00:00Z,41.88776,-71.43454
2850998201,2020-08-04T00:00:00Z,41.52203,-73.07792
2850997672,2020-07-06T00:00:00Z,42.64967,-70.90588
2850994151,2020-08-02T00:00:00Z,40.79536,-73.95094
2850985785,2020-07-21T00:00:00Z,45.37016,-75.79341
2850980160,2020-08-02T00:00:00Z,42.34925,-76.73652
2850976949,2014-09-07T00:00:00Z,41.77045,-71.40264
2850962157,2020-08-03T00:00:00Z,42.31307,-73.13229
2850956284,2020-07-08T00:00:00Z,42.72478,-73.8074
2850943908,2020-08-01T00:00:00Z,43.1153,-71.17851
2850943341,2018-06-29T00:00:00Z,42.36847,-71.14744
2850936045,2020-07-31T00:00:00Z,42.51478,-72.27087
2850931904,2019-08-10T00:00:00Z,45.25285,-73.80083
2850920592,2020-08-20T00:00:00Z,42.29101,-72.64215
2850913302,2020-08-04T00:00:00Z,45.60293,-76.05572
2850912368,2020-07-28T00:00:00Z,41.05934,-74.85302
2850910090,2020-08-16T00:00:00Z,42.18736,-71.7304
2850909183,2020-08-17T00:00:00Z,40.13293,-74.45241
2850903095,2020-08-14T00:00:00Z,43.53947,-73.82493
2850894546,2020-08-12T00:00:00Z,40.25208,-74.50091
2850879078,2020-07-13T00:00:00Z,40.65572,-73.97177
2850877551,2020-08-18T00:00:00Z,44.90041,-77.19171
2850873550,2020-08-07T00:00:00Z,45.01765,-78.95214
2850869899,2020-08-07T00:00:00Z,45.56095,-78.62264
2850867948,2020-08-15T00:00:00Z,43.84346,-71.22832
2850851105,2020-07-10T00:00:00Z,45.85896,-77.6916
2850850595,2020-08-06T00:00:00Z,42.28465,-71.18215
2850844134,2020-08-16T00:00:00Z,40.25205,-74.50054
2850838179,2020-08-06T00:00:00Z,43.17562,-72.44907
2850835039,2020-08-16T00:00:00Z,43.17668,-71.16802
2850833171,2020-08-12T00:00:00Z,45.38248,-79.48648
2850824178,2020-08-12T00:00:00Z,45.38811,-79.47586
2850819552,2020-07-06T00:00:00Z,41.57022,-72.61892
2850805513,2020-08-12T00:00:00Z,45.36976,-75.7953
2850805180,2020-08-14T00:00:00Z,44.18179,-73.31208
2850791655,2020-08-06T00:00:00Z,42.28268,-71.18622
2850782012,2020-08-15T00:00:00Z,42.18716,-71.42018
2850771682,2020-08-14T00:00:00Z,45.05003,-79.10395
2850765040,2020-08-14T00:00:00Z,43.09134,-71.15601
2850763722,2020-08-14T00:00:00Z,45.19341,-76.88744
2850761065,2020-08-15T00:00:00Z,45.16796,-78.81322
2850759065,2020-08-16T00:00:00Z,45.4,-73.75
2850752073,2020-08-16T00:00:00Z,40.86634,-74.00142
2850745602,2020-08-07T00:00:00Z,44.42334,-75.86077
2850739005,2020-08-16T00:00:00Z,44.76603,-79.30331
2850738916,2020-08-14T00:00:00Z,40.6341,-75.98689
2850716837,2020-08-15T00:00:00Z,40.84234,-75.79451
2850712519,2020-07-21T00:00:00Z,44.47521,-76.57674
2850700994,2020-08-08T00:00:00Z,41.56498,-71.68065
2850691771,2020-08-07T00:00:00Z,40.79483,-73.95198
2850690030,2020-08-09T00:00:00Z,40.65583,-73.96418
2850688117,2020-08-16T00:00:00Z,40.34538,-74.43665
2850684728,2020-08-07T00:00:00Z,44.76785,-76.49158
2850684426,2020-08-05T00:00:00Z,44.89662,-76.23792
2850673216,2020-08-06T00:00:00Z,42.19057,-71.10557
2850652098,2020-08-09T00:00:00Z,42.03069,-73.92127
2850652093,2020-08-08T00:00:00Z,43.1178,-72.00005
2850650791,2020-08-07T00:00:00Z,40.79761,-73.95396
2850645219,2020-07-21T00:00:00Z,44.88099,-76.15479
2850636289,2020-08-18T00:00:00Z,45.79849,-76.53288
2850634714,2020-08-13T00:00:00Z,42.63197,-72.11621
2850632794,2020-08-14T00:00:00Z,42.81374,-71.23769
2850631670,2020-08-14T00:00:00Z,40.49018,-74.42106
2850625116,2020-08-03T00:00:00Z,43.29486,-79.87431
2850592945,2020-08-01T00:00:00Z,43.11768,-72.00024
2850591333,2018-06-18T00:00:00Z,42.93601,-72.28957
2850583073,2020-08-01T00:00:00Z,44.24578,-72.25352
2850569944,2020-08-02T00:00:00Z,44.95793,-76.5994
2850568390,2019-07-06T00:00:00Z,42.47751,-71.33205
2850544251,2020-07-30T00:00:00Z,45.81746,-77.53348
2850537163,2020-08-03T00:00:00Z,45.02937,-78.93998
2850532285,2020-07-21T00:00:00Z,45.7914,-78.42057
2850529109,2007-07-16T00:00:00Z,43.98314,-71.73704
2843996725,2015-07-09T00:00:00Z,44.33348,-76.17046
2842968618,2019-07-31T00:00:00Z,45.56846,-78.45008
2826541224,2020-08-01T00:00:00Z,41.90716,-70.89404
2826536517,2020-07-28T00:00:00Z,44.01611,-79.44487
2826527640,2020-07-29T00:00:00Z,44.73801,-70.07762
2826527345,2020-07-27T00:00:00Z,41.16369,-73.54361
2826520674,2020-07-29T00:00:00Z,41.17368,-73.4779
2826503041,2020-08-01T00:00:00Z,42.28027,-71.1865
2826498148,2020-08-01T00:00:00Z,44.87426,-78.7757
2826496898,2020-07-30T00:00:00Z,42.59391,-71.51594
2826496894,2020-07-30T00:00:00Z,42.67327,-71.6343
2826492519,2020-07-28T00:00:00Z,44.95641,-79.42176
2826487651,2020-07-29T00:00:00Z,42.86472,-72.5586
2826487101,2020-08-01T00:00:00Z,41.18669,-74.43129
2826478744,2020-07-26T00:00:00Z,43.28272,-79.89892
2826478102,2020-08-01T00:00:00Z,42.28165,-71.18996
2826477642,2020-07-28T00:00:00Z,44.56504,-78.17267
2826474313,2020-07-19T00:00:00Z,41.64609,-75.37711
2826471374,2012-06-23T00:00:00Z,45.63805,-73.20934
2826467782,2020-07-29T00:00:00Z,45.02381,-79.3219
2826460089,2020-08-01T00:00:00Z,45.50257,-75.49705
2826457189,2020-08-01T00:00:00Z,41.3547,-72.9667
2826443810,2020-07-30T00:00:00Z,42.63609,-71.59481
2826436176,2020-07-31T00:00:00Z,43.63827,-73.26818
2826433585,2020-07-11T00:00:00Z,45.48126,-77.68803
2826426641,2020-07-12T00:00:00Z,42.89821,-71.98653
2826423388,2019-07-25T00:00:00Z,43.20355,-71.20388
2826423224,2020-07-23T00:00:00Z,45.27094,-72.06351
2826423200,2020-07-09T00:00:00Z,45.66071,-77.57076
2826420695,2020-07-22T00:00:00Z,41.56276,-73.28706
2826419557,2020-06-17T00:00:00Z,42.28438,-72.67932
2826419397,2019-07-20T00:00:00Z,42.94029,-72.08369
2826411564,2020-06-12T00:00:00Z,42.30163,-71.11887
2826409791,2020-07-24T00:00:00Z,41.83213,-70.9411
2826406286,2020-07-25T00:00:00Z,42.47827,-76.45055
2826405007,2020-07-25T00:00:00Z,41.6191,-70.57221
2826402385,2019-09-03T00:00:00Z,42.10944,-71.31924
2826402256,2020-07-26T00:00:00Z,45.58343,-72.13599
2826398957,2020-07-25T00:00:00Z,44.94446,-79.41512
2826395597,2020-07-02T00:00:00Z,41.74452,-70.11246
2826394383,2019-09-17T00:00:00Z,42.10787,-71.3175
2826392950,2020-07-17T00:00:00Z,41.3778,-72.23127
2826392700,2020-07-16T00:00:00Z,42.17948,-72.65747
2826390666,2020-07-14T00:00:00Z,42.42907,-71.48989
2826387606,2020-07-06T00:00:00Z,42.47204,-71.1619
2826385931,2020-07-24T00:00:00Z,42.96502,-79.02216
2826385648,2020-07-15T00:00:00Z,42.53668,-71.23336
2826384595,2020-06-27T00:00:00Z,41.89373,-71.43199
2826379069,2020-07-24T00:00:00Z,44.9915,-79.81422
2826374988,2020-07-25T00:00:00Z,43.34691,-72.50593
2826370931,2020-07-24T00:00:00Z,44.32713,-72.33311
2826368252,2020-07-25T00:00:00Z,43.11784,-72.00029
2826363814,2020-07-24T00:00:00Z,42.19226,-76.59021
2826354651,2020-07-16T00:00:00Z,42.93613,-72.2896
2826345847,2020-07-30T00:00:00Z,42.62343,-71.53038
2826342137,2020-08-01T00:00:00Z,42.6806,-72.15303
2826338937,2020-07-30T00:00:00Z,45.67321,-77.64352
2826327577,2020-07-27T00:00:00Z,42.63676,-72.12606
2826321382,2020-07-25T00:00:00Z,45.21015,-78.22564
2826320450,2020-07-26T00:00:00Z,43.7932,-71.77548
2826318509,2020-07-28T00:00:00Z,45.82613,-71.17888
2826312086,2020-07-11T00:00:00Z,41.81399,-72.64664
2826311534,2020-07-28T00:00:00Z,40.18484,-74.73018
2826310845,2020-07-24T00:00:00Z,45.38956,-73.7551
2826310523,2019-07-23T00:00:00Z,43.41556,-71.9142
2826310371,2019-08-02T00:00:00Z,42.47749,-71.33201
2826309601,2020-07-28T00:00:00Z,44.94171,-79.8277
2826307993,2020-07-25T00:00:00Z,45.52807,-77.70608
2826302756,2020-07-28T00:00:00Z,43.18336,-71.72074
2826297784,2020-07-30T00:00:00Z,42.47746,-71.33192
2826293683,2020-07-21T00:00:00Z,45.33024,-72.19576
2826293414,2020-07-28T00:00:00Z,41.11786,-78.7437
2826291973,2020-07-31T00:00:00Z,44.50159,-76.55139
2826290287,2020-08-01T00:00:00Z,43.64808,-71.27786
2826286089,2020-07-25T00:00:00Z,43.28028,-73.69592
2826273692,2020-07-12T00:00:00Z,41.64679,-72.52699
2826273553,2020-06-09T00:00:00Z,43.22963,-70.94734
2826268732,2020-07-29T00:00:00Z,44.55325,-73.11916
2826267144,2020-08-01T00:00:00Z,44.67654,-77.88187
2826259106,2020-08-01T00:00:00Z,40.90051,-72.81972
2826258653,2020-07-29T00:00:00Z,42.30379,-71.11864
2826234927,2020-07-31T00:00:00Z,42.15306,-70.79025
2826234121,2020-08-01T00:00:00Z,45.24982,-75.78516
2826225077,2020-08-01T00:00:00Z,45.38169,-75.81695
2826220143,2020-08-01T00:00:00Z,45.46049,-76.26632
2826219103,2020-07-26T00:00:00Z,45.28853,-72.16317
2826211735,2020-07-21T00:00:00Z,43.09851,-79.02379
2826208984,2020-07-25T00:00:00Z,44.53565,-73.27868
2826208739,2020-07-22T00:00:00Z,44.05964,-70.7201
2826207661,2020-07-14T00:00:00Z,42.47747,-71.33204
2826205063,2020-07-25T00:00:00Z,45.31365,-78.99265
2826205034,2020-07-25T00:00:00Z,42.5018,-72.56082
2826203829,2020-07-23T00:00:00Z,41.793,-70.9214
2826202880,2020-07-24T00:00:00Z,43.25725,-71.55231
2826202606,2020-07-04T00:00:00Z,42.47234,-71.16063
2826202106,2020-07-25T00:00:00Z,40.50835,-74.56114
2826201643,2020-07-04T00:00:00Z,41.79415,-70.63279
2826201632,2020-07-01T00:00:00Z,41.57114,-71.00377
2826201143,2020-07-26T00:00:00Z,41.34733,-75.27076
2826197902,2020-07-22T00:00:00Z,41.95502,-70.01156
2826192765,2020-07-24T00:00:00Z,41.55706,-74.98619
2826189599,2020-07-06T00:00:00Z,41.69922,-71.77249
2826189375,2019-08-10T00:00:00Z,41.79107,-72.08481
2826185955,2020-07-25T00:00:00Z,42.254,-71.33783
2826185659,2020-07-12T00:00:00Z,41.44598,-71.58749
2826181724,2020-07-23T00:00:00Z,45.50381,-75.4948
2826177854,2020-07-24T00:00:00Z,44.86709,-72.97841
2826176578,2020-06-29T00:00:00Z,42.61624,-71.06516
2826174897,2020-07-06T00:00:00Z,43.29502,-71.92873
2826171755,2020-07-21T00:00:00Z,43.1685,-71.70539
2826170908,2020-07-24T00:00:00Z,42.01788,-70.90598
2826170630,2020-07-05T00:00:00Z,41.698,-71.77078
2826160168,2020-07-26T00:00:00Z,40.91288,-72.72008
2826159525,2020-06-16T00:00:00Z,42.37386,-71.14112
2826158672,2020-07-15T00:00:00Z,44.37231,-71.61172
2826158631,2020-07-02T00:00:00Z,41.33817,-72.31571
2826158381,2019-08-02T00:00:00Z,41.72763,-70.12659
2826157965,2020-07-25T00:00:00Z,43.35498,-72.5017
2826156398,2019-09-18T00:00:00Z,42.39654,-71.14867
2826154373,2019-08-02T00:00:00Z,42.13179,-71.36326
2826153427,2013-06-30T00:00:00Z,42.2972,-71.12137
2826152628,2020-07-15T00:00:00Z,43.6966,-71.7805
2826146600,2020-07-02T00:00:00Z,41.74441,-70.11245
2826145651,2020-07-15T00:00:00Z,42.65506,-70.90728
2826141015,2020-07-25T00:00:00Z,42.60163,-70.82271
2826138682,2020-07-16T00:00:00Z,41.39965,-71.7688
2826138387,2019-08-02T00:00:00Z,41.72766,-70.12679
2826137659,2020-07-13T00:00:00Z,42.31033,-71.55989
2826136645,2020-07-15T00:00:00Z,42.55413,-72.60609
2826133373,2019-08-01T00:00:00Z,44.63448,-73.2712
2826132682,2020-07-15T00:00:00Z,42.85888,-71.96207
2826131628,2020-07-16T00:00:00Z,41.3288,-72.90892
2826124534,2020-06-10T00:00:00Z,42.08936,-71.61722
2823444700,2020-07-23T00:00:00Z,41.46572,-73.65756
2823440448,2020-07-18T00:00:00Z,45.06397,-77.93133
2823439557,2020-07-14T00:00:00Z,44.88078,-77.15955
2823438545,2020-07-22T00:00:00Z,42.57023,-72.32911
2823435426,2020-07-20T00:00:00Z,45.04013,-72.4018
2823428671,2020-07-19T00:00:00Z,44.96707,-76.35869
2823427367,2020-07-21T00:00:00Z,45.42045,-75.66763
2823422644,2020-07-23T00:00:00Z,44.85339,-75.77936
2823422357,2020-07-21T00:00:00Z,44.7677,-73.31898
2823396653,2015-07-27T00:00:00Z,43.2902,-79.8761
2823382523,2020-07-21T00:00:00Z,44.58362,-78.31991
2823382378,2020-07-16T00:00:00Z,45.40581,-79.20539
2823377510,2020-07-20T00:00:00Z,45.50328,-75.49578
2823370337,2020-07-21T00:00:00Z,42.26405,-72.23264
2823369631,2020-07-23T00:00:00Z,41.45442,-71.5029
2823363477,2020-07-21T00:00:00Z,44.21646,-77.59837
2823347252,2020-07-18T00:00:00Z,45.92235,-79.1846
2823343878,2020-07-18T00:00:00Z,44.90072,-75.68265
2823336491,2020-06-29T00:00:00Z,41.79084,-72.45324
2823335102,2020-07-14T00:00:00Z,42.82896,-79.37088
2823327936,2020-07-18T00:00:00Z,43.67407,-73.23605
2823309518,2020-07-22T00:00:00Z,43.78583,-70.35986
2823292836,2020-07-18T00:00:00Z,44.37732,-71.51536
2823287232,2020-07-20T00:00:00Z,41.90792,-70.91177
2823283548,2020-07-13T00:00:00Z,43.20571,-73.76115
2823282725,2020-07-15T00:00:00Z,43.77475,-73.68878
2823281821,2020-07-18T00:00:00Z,45.43655,-79.91461
2823280734,2020-07-17T00:00:00Z,44.8241,-76.08824
2823280655,2020-07-16T00:00:00Z,41.62477,-70.6262
2823277791,2020-07-15T00:00:00Z,41.52704,-73.1553
2823265308,2020-07-20T00:00:00Z,45.38561,-73.76776
2823265223,2020-07-20T00:00:00Z,45.49407,-75.47927
2823265174,2020-07-20T00:00:00Z,41.11319,-77.50644
2823263108,2020-07-18T00:00:00Z,43.6744,-73.23566
2823259022,2020-07-19T00:00:00Z,45.43452,-77.58099
2823257553,2020-07-15T00:00:00Z,43.96254,-71.96678
2823256219,2020-07-20T00:00:00Z,45.10333,-79.52023
2823256107,2020-07-18T00:00:00Z,43.29492,-79.87428
2823255094,2020-07-18T00:00:00Z,45.54239,-73.32473
2823247223,2020-07-20T00:00:00Z,45.37014,-75.7933
2823246071,2020-07-19T00:00:00Z,43.11779,-72.00031
2823236141,2020-07-19T00:00:00Z,43.46569,-72.75841
2823218157,2020-07-18T00:00:00Z,41.40484,-72.41122
2823216687,2020-07-23T00:00:00Z,42.5001,-71.31247
2823208639,2020-07-23T00:00:00Z,42.496339999999996,-71.7045
2823208323,2020-07-20T00:00:00Z,45.37899,-79.29077
2823190352,2020-07-21T00:00:00Z,45.33024,-72.19587
2823172649,2020-07-21T00:00:00Z,43.17854,-72.44829
2823163691,2020-07-23T00:00:00Z,40.86622,-74.00153
2823150552,2020-07-14T00:00:00Z,40.67603,-73.51349
2823148713,2020-07-17T00:00:00Z,42.28032,-71.18482
2823148184,2020-07-19T00:00:00Z,45.53896,-78.26726
2823128351,2019-08-21T00:00:00Z,42.01656,-71.0074
2823125212,2020-07-20T00:00:00Z,45.39332,-79.70986
2823116612,2020-07-16T00:00:00Z,41.62486,-70.62637
2823111832,2020-07-18T00:00:00Z,44.5,-77.43
2823106543,2020-07-12T00:00:00Z,40.58675,-74.26101
2823102828,2020-07-18T00:00:00Z,41.68422,-73.89286
2823100357,2019-08-10T00:00:00Z,42.15387,-79.78411
2823099855,2020-07-18T00:00:00Z,45.35354,-75.81257
2823093694,2020-07-17T00:00:00Z,42.64121,-72.08865
2823093578,2020-07-16T00:00:00Z,45.8562,-73.24259
2823087820,2020-07-18T00:00:00Z,42.6809,-72.1551
2823086883,2020-07-18T00:00:00Z,40.65209,-73.97187
2823086570,2020-07-14T00:00:00Z,41.18127,-74.42402
2823072793,2020-07-18T00:00:00Z,40.1229,-75.15078
2823068005,2020-07-17T00:00:00Z,44.5314,-78.25427
2818867490,2020-07-15T00:00:00Z,43.81231,-73.70423
2818859502,2020-07-15T00:00:00Z,45.5042,-75.49167
2818847520,2020-07-15T00:00:00Z,43.81228,-73.70414
2818811488,2020-07-15T00:00:00Z,43.3245,-71.53959
2818793522,2020-07-12T00:00:00Z,43.1179,-72.00073
2818785500,2020-07-12T00:00:00Z,45.49577,-75.50628
2818771837,2020-07-09T00:00:00Z,40.60078,-74.40834
2818769254,2020-07-13T00:00:00Z,44.90403,-77.2906
2818751155,2020-07-13T00:00:00Z,42.06639,-70.19667
2818751112,2020-07-13T00:00:00Z,44.23071,-73.25482
2818738993,2020-07-11T00:00:00Z,41.3799,-75.29236
2818694696,2020-07-09T00:00:00Z,40.66482,-73.51717
2818686475,2020-07-14T00:00:00Z,45.38558,-75.6871
2818667512,2020-07-15T00:00:00Z,42.06183,-71.15157
2818647331,2020-07-13T00:00:00Z,42.77271,-72.51471
2818592626,2020-07-16T00:00:00Z,45.74154,-79.99674
2818586948,2020-07-11T00:00:00Z,42.25384,-71.33701
2818582699,2020-07-10T00:00:00Z,41.85872,-75.83285
2818581871,2020-07-11T00:00:00Z,41.96718,-70.00343
2818580960,2020-07-12T00:00:00Z,42.22388,-70.86675
2818577146,2020-07-12T00:00:00Z,45.50438,-75.49311
2818574001,2020-07-12T00:00:00Z,44.47296,-77.30769
2818568215,2020-07-13T00:00:00Z,40.0547,-75.22998
2818561268,2020-07-14T00:00:00Z,42.15308,-71.51188
2818560818,2020-07-11T00:00:00Z,45.50348,-75.4922
2818559989,2020-07-11T00:00:00Z,44.24812,-72.24883
2818558181,2020-07-12T00:00:00Z,40.58671,-74.26099
2818541295,2020-07-14T00:00:00Z,44.06813,-73.35813
2818522655,2020-07-09T00:00:00Z,42.47239,-71.16072
2818522160,2020-07-12T00:00:00Z,45.50381,-75.49479
2818510244,2020-07-13T00:00:00Z,42.49052,-72.25338
2818504790,2020-07-03T00:00:00Z,43.60184,-75.05594
2818500653,2020-07-10T00:00:00Z,44.01619,-77.60352
2814476195,2020-07-07T00:00:00Z,42.4914,-72.96186
2814469768,2020-07-06T00:00:00Z,40.66779,-77.90981
2814468877,2020-07-06T00:00:00Z,42.36275,-71.24502
2814466730,2020-06-26T00:00:00Z,45.16078,-76.685
2814462740,2020-07-06T00:00:00Z,44.64027,-71.23268
2814459650,2020-07-01T00:00:00Z,40.86617,-74.00154
2814452178,2020-07-06T00:00:00Z,45.56764,-78.51263
2814438335,2020-06-27T00:00:00Z,41.29625,-72.80256
2814435495,2020-06-27T00:00:00Z,41.03995,-74.99501
2814431290,2020-07-03T00:00:00Z,44.93377,-77.26251
2814415023,2020-07-03T00:00:00Z,43.04357,-71.99315
2814407189,2020-07-05T00:00:00Z,40.80214,-74.69677
2814406711,2020-07-03T00:00:00Z,42.47393,-71.3421
2814406510,2020-07-02T00:00:00Z,43.59959,-71.19594
2814393318,2020-06-25T00:00:00Z,40.21936,-74.78185
2814389459,2020-07-07T00:00:00Z,44.55101,-73.12362
2814388546,2020-07-05T00:00:00Z,43.33994,-72.50798
2814382177,2020-07-03T00:00:00Z,44.93405,-77.26246
2814364121,2020-07-07T00:00:00Z,43.8087,-71.40959
2814360827,2020-07-02T00:00:00Z,42.39094,-71.2771
2814355125,2020-07-07T00:00:00Z,43.1177,-71.17917
2814337820,2020-07-05T00:00:00Z,40.77896,-74.72127
2814329421,2020-07-06T00:00:00Z,44.3313,-77.921
2814322952,2020-06-28T00:00:00Z,45.38542,-75.6875
2814322068,2020-07-06T00:00:00Z,41.82211,-72.82049
2814308973,2020-07-07T00:00:00Z,41.85266,-75.35244
2814303389,2020-07-05T00:00:00Z,44.43444,-76.86025
2814303010,2020-06-30T00:00:00Z,40.64144,-74.10452
2814290067,2020-07-03T00:00:00Z,40.79481,-73.95181
2814288320,2020-07-03T00:00:00Z,43.0436,-71.99322
2814271698,2020-06-28T00:00:00Z,41.80385,-71.75075
2814269058,2020-07-05T00:00:00Z,44.62869,-73.2352
2814260037,2020-06-27T00:00:00Z,45.36976,-75.79273
2814256631,2020-06-14T00:00:00Z,43.83701,-74.56498
2814250519,2020-07-01T00:00:00Z,40.66698,-74.31394
2814243663,2020-06-12T00:00:00Z,40.05461,-75.22996
2814219288,2020-07-02T00:00:00Z,42.65096,-70.90645
2814215138,2019-07-12T00:00:00Z,45.57296,-78.45524
2814198875,2020-07-05T00:00:00Z,42.50786,-71.40967
2814191267,2020-06-27T00:00:00Z,40.1096,-74.86096
2814170016,2020-07-07T00:00:00Z,42.63487,-70.91953
2814165158,2020-07-03T00:00:00Z,40.71702,-74.48891
2814159388,2020-07-01T00:00:00Z,45.62929,-76.17729
2814150105,2020-07-03T00:00:00Z,41.84803,-75.34913
2814122155,2014-07-22T00:00:00Z,45.37381,-79.70879
2814088873,2020-07-09T00:00:00Z,40.79485,-73.95176
2814079578,2020-07-02T00:00:00Z,42.27002,-72.59365
2814076768,2020-07-01T00:00:00Z,45.6431,-76.17115
2814054287,2020-07-09T00:00:00Z,42.26111,-71.07611
2814051241,2020-07-01T00:00:00Z,45.62936,-76.17443
2814050290,2020-06-30T00:00:00Z,42.54182,-72.25088
2814034624,2020-07-04T00:00:00Z,45.40314,-79.01352
2814032957,2020-07-03T00:00:00Z,40.79523,-73.95114
2814024770,2020-06-25T00:00:00Z,42.6466,-72.09242
2814015313,2020-06-27T00:00:00Z,41.52227,-71.74844
2814011059,2020-07-04T00:00:00Z,40.3424,-74.43056
2814008639,2020-07-08T00:00:00Z,42.63541,-70.9198
2814002214,2020-07-05T00:00:00Z,41.71467,-73.19543
2814001466,2020-07-02T00:00:00Z,41.33817,-72.31576
2813986495,2020-07-04T00:00:00Z,40.79526,-73.95159
2813981724,2020-07-01T00:00:00Z,44.59599,-78.08048
2813980831,2020-07-06T00:00:00Z,44.3662,-74.09647
2813976535,2020-07-03T00:00:00Z,40.79488,-73.95171
2813961602,2020-06-27T00:00:00Z,42.41122,-71.4566
2813953610,2020-07-02T00:00:00Z,40.67515,-73.51381
2813949826,2020-07-03T00:00:00Z,40.79525,-73.95095
2813945618,2020-06-10T00:00:00Z,41.5637,-72.16637
2813943068,2020-06-26T00:00:00Z,42.30189,-71.11892
2813932206,2020-07-02T00:00:00Z,42.48529,-71.43284
2813927995,2020-06-29T00:00:00Z,40.65547,-73.96419
2813910204,2020-06-27T00:00:00Z,45.43453,-77.58104
2813895099,2020-06-28T00:00:00Z,42.49374,-71.47963
2813893000,2020-06-26T00:00:00Z,43.63804,-73.26824
2803154507,2020-06-16T00:00:00Z,42.58885,-72.30849
2803144283,2020-06-24T00:00:00Z,40.7971,-73.95438
2803132854,2020-06-20T00:00:00Z,42.59632,-70.7685
2803117874,2020-06-14T00:00:00Z,43.29509,-71.92869
2803016741,2020-06-21T00:00:00Z,43.35162,-72.50604
2802975375,2020-06-24T00:00:00Z,40.7132,-74.51497
2802974858,2020-06-14T00:00:00Z,40.86619,-74.0015
2802752813,2020-06-20T00:00:00Z,45.19538,-78.68616
2802725286,2012-07-24T00:00:00Z,40.35844,-74.76626
2802708355,2020-06-19T00:00:00Z,44.82816,-76.06978
2802702162,2020-06-25T00:00:00Z,40.79523,-73.95087
2802681484,2020-06-21T00:00:00Z,40.4742,-74.42331
2802678084,2020-06-23T00:00:00Z,40.79493,-73.95177
2802634599,2020-06-18T00:00:00Z,45.37331,-75.79095
2802575468,2019-08-14T00:00:00Z,42.18786,-79.44155
2802553202,2020-06-16T00:00:00Z,42.18988,-71.10474
2649978157,2019-11-14T00:00:00Z,42.64339,-77.92448
2647861585,2018-08-17T00:00:00Z,45.4044,-78.87706
2647386653,2018-07-29T00:00:00Z,40.83087,-75.82982
2647163064,2018-08-31T00:00:00Z,45.87942,-74.02826
2645543546,2019-08-24T00:00:00Z,45.42087,-78.82067
2644734595,2019-04-22T00:00:00Z,45.53377,-73.2111
2644413755,2018-08-11T00:00:00Z,44.59406,-79.93919
2644344775,2018-08-17T00:00:00Z,45.4044,-78.87706
2644311901,2018-07-14T00:00:00Z,42.78992,-71.97877
2644127842,2018-08-17T00:00:00Z,43.57889,-70.23333
2644047654,2018-08-08T00:00:00Z,44.79204,-78.71712
2643971952,2018-07-06T00:00:00Z,42.36843,-71.146960000000007
2643929171,2018-07-22T00:00:00Z,45.00528,-78.1045
2643892434,2018-07-08T00:00:00Z,40.65966,-73.70763
2641616789,2020-06-11T00:00:00Z,45.37842,-79.73429
2641570617,2020-06-10T00:00:00Z,42.30145,-71.11942
2634484975,2019-10-11T00:00:00Z,40.797,-73.9543
2634388795,2019-08-26T00:00:00Z,43.73446,-73.69464
2634106556,2019-07-27T00:00:00Z,42.47751,-71.332
2626644035,2019-08-17T00:00:00Z,45.50472,-75.49232
2626500457,2019-08-18T00:00:00Z,45.50423,-75.49213
2626321305,2019-08-17T00:00:00Z,45.50046,-75.49946
2620205194,2020-05-05T00:00:00Z,42.90232,-79.62144
2611337713,2019-06-19T00:00:00Z,40.50787,-74.22143
2611228593,2012-07-30T00:00:00Z,45.80401,-74.78974
2603408325,2009-08-17T00:00:00Z,44.46504,-77.29915
2603391410,1990-07-19T00:00:00Z,42.13602,-75.97522
2597890940,2012-08-25T00:00:00Z,45.41371,-72.68157
2597712951,2009-08-09T00:00:00Z,45.40734,-72.6961
2596746716,1980-07-27T00:00:00Z,45.03333,-74.5
2596739733,1980-07-24T00:00:00Z,45.03333,-74.5
2596275101,2013-07-14T00:00:00Z,42.23438,-71.03089
2596121771,2018-07-13T00:00:00Z,42.41407,-71.9665
2596085005,2015-08-08T00:00:00Z,41.76191,-75.89586
2579229287,2019-07-14T00:00:00Z,44.09988,-74.73043
2579215534,2018-09-28T00:00:00Z,43.18729,-76.40618
2576287241,2019-07-27T00:00:00Z,44.32446,-74.12715
2574293426,2016-07-27T00:00:00Z,45.19698,-73.26119
2574064207,2019-08-14T00:00:00Z,43.30736,-70.90966
2574040456,2019-08-03T00:00:00Z,42.25097,-78.88144
2573973014,2019-07-21T00:00:00Z,44.5438,-72.39791
2573907161,2019-08-25T00:00:00Z,43.75925,-72.23326
2573874909,2019-07-28T00:00:00Z,42.33691,-71.38272
2573819370,2014-07-16T00:00:00Z,43.33922,-76.69626
2573785294,2018-07-14T00:00:00Z,44.0989,-71.9677
2573119350,1978-07-25T00:00:00Z,42.35564,-72.56923
2573093115,1987-08-10T00:00:00Z,41.35984,-71.80749
2573092419,1970-07-31T00:00:00Z,41.99298,-72.16028
2573090071,1987-08-13T00:00:00Z,41.4467,-71.54742
2573062950,1980-08-18T00:00:00Z,41.48538,-72.26644
2563711085,2017-08-22T00:00:00Z,45.39423,-71.92951
2563656097,2018-08-16T00:00:00Z,43.82561,-74.8507
2563618746,2014-07-21T00:00:00Z,41.10955,-74.89312
2563610622,2019-08-03T00:00:00Z,45.44232,-79.57904
2563592766,2017-07-19T00:00:00Z,45.82609,-72.03424
2563581146,2018-08-23T00:00:00Z,42.06635,-70.19635
2563578515,2006-07-30T00:00:00Z,40.40828,-74.50308
2563565635,2012-07-20T00:00:00Z,44.27064,-77.34666
2563463234,2019-09-19T00:00:00Z,45.03306,-77.93156
2563456982,2019-08-11T00:00:00Z,44.58974,-78.07201
2563456907,2019-08-11T00:00:00Z,44.68563,-78.33006
2563456751,2019-08-09T00:00:00Z,45.52121,-79.43179
2563456656,2019-08-07T00:00:00Z,44.83152,-77.25903
2563456076,2019-08-05T00:00:00Z,45.34836,-76.28291
2563456074,2019-08-05T00:00:00Z,45.34854,-76.28282
2563455897,2019-07-31T00:00:00Z,44.91106,-78.38212
2563455845,2019-08-04T00:00:00Z,45.34796,-76.28328
2563455826,2019-08-04T00:00:00Z,45.06967,-79.1188
2563455572,2019-08-02T00:00:00Z,45.35273,-75.81432
2563455414,2019-08-01T00:00:00Z,44.92131,-78.38089
2563455413,2019-08-01T00:00:00Z,44.77779,-76.71527
2563455230,2019-07-30T00:00:00Z,45.38605,-75.68682
2563453341,2019-07-21T00:00:00Z,43.13388,-79.09782
2563453042,2019-07-19T00:00:00Z,45.19197,-75.8291
2563452713,2019-07-15T00:00:00Z,44.49813,-77.21198
2563452145,2019-07-08T00:00:00Z,44.77796,-78.10908
2563452116,2019-07-12T00:00:00Z,45.37501,-78.91481
2563451841,2019-07-09T00:00:00Z,45.50395,-75.49459
2563450660,2019-07-01T00:00:00Z,45.37127,-75.79405
2563430972,2018-06-10T00:00:00Z,45.26659,-72.05845
2557758260,2019-08-09T00:00:00Z,44.5441,-76.33435
2557647440,2019-09-17T00:00:00Z,45.39286,-79.20305
2557646606,2019-09-07T00:00:00Z,45.38494,-78.98508
2557646418,2019-06-28T00:00:00Z,44.57679,-78.3548
2557645357,2019-08-25T00:00:00Z,45.35303,-75.81474
2557644529,2019-08-15T00:00:00Z,44.72769,-79.8437
2557643373,2019-08-03T00:00:00Z,45.84373,-74.50459
2557643224,2019-08-01T00:00:00Z,45.41425,-75.76053
2549984040,2019-09-14T00:00:00Z,43.54866,-79.7539
2549980602,2019-08-15T00:00:00Z,45.87895,-77.19127
2549980359,2019-08-13T00:00:00Z,45.3903,-73.74798
2543045256,2019-07-21T00:00:00Z,44.95181,-79.58815
2542905674,2019-09-12T00:00:00Z,45.63669,-74.6729
2542901045,2019-07-31T00:00:00Z,44.91106,-78.38212
2529339066,2018-08-21T00:00:00Z,41.80519,-72.12675
2529310443,2007-07-18T00:00:00Z,44.30164,-74.32474
2518128037,2008-07-17T00:00:00Z,45.52972,-75.39867
2517954493,2019-08-13T00:00:00Z,42.85899,-71.9624
2465321019,2011-07-03T00:00:00Z,42.00548,-70.77824
2465320871,2019-08-10T00:00:00Z,44.05423,-74.55986
2465226413,1983-06-15T00:00:00Z,44.89644,-77.19338
2465177217,2019-10-14T00:00:00Z,41.9068,-70.56622
2465131592,2019-07-27T00:00:00Z,45.8262,-71.1493
2465087449,2018-08-02T00:00:00Z,43.28269,-79.89894
2465025709,1988-08-01T00:00:00Z,41.4788,-72.525
2460118036,2013-08-04T00:00:00Z,42.869,-70.96283
2460098100,2019-07-22T00:00:00Z,44.78916,-78.36499
2460064327,2019-08-03T00:00:00Z,45.44232,-79.57904
2456564651,2019-08-01T00:00:00Z,42.16145,-73.12024
2456517659,2019-07-23T00:00:00Z,42.40227,-73.56529
2451689047,2019-11-01T00:00:00Z,40.79533,-73.95092
2447983496,2017-08-23T00:00:00Z,42.86114,-70.92473
2447938713,2019-10-15T00:00:00Z,40.63928,-74.44925
2444959554,2019-10-18T00:00:00Z,40.47899,-74.4296
2430494893,2015-08-06T00:00:00Z,41.44587,-71.58743
2429606401,2019-09-29T00:00:00Z,44.64635,-78.22915
2429599807,2019-09-26T00:00:00Z,44.53085,-78.5269
2429585576,2019-07-01T00:00:00Z,45.52288,-78.40944
2429536438,2019-10-10T00:00:00Z,40.86619,-74.0014
2429386682,2019-07-10T00:00:00Z,44.97674,-74.7831
2429370067,2019-10-03T00:00:00Z,41.91437,-70.65917
2429322616,2019-09-29T00:00:00Z,45.5515,-78.42561
2429319829,2019-09-30T00:00:00Z,40.86617,-74.00155
2429313398,2019-09-29T00:00:00Z,44.33624,-77.89841
2429242521,2019-09-04T00:00:00Z,45.9605,-78.06113
2429240466,2019-08-03T00:00:00Z,45.21471,-79.92036
2429239413,2019-08-31T00:00:00Z,45.35608,-79.78447
2429228702,2019-08-09T00:00:00Z,45.95872,-78.05232
2429213760,2019-06-25T00:00:00Z,45.86766,-77.76061
2423254570,2012-07-16T00:00:00Z,41.60175,-75.14989
2423233461,2019-09-25T00:00:00Z,44.24826,-73.28073
2423174695,2019-07-20T00:00:00Z,42.40587,-71.45738
2423157467,2019-09-20T00:00:00Z,43.28272,-79.89897
2423143179,2019-08-27T00:00:00Z,44.91062,-77.2835
2423098018,2019-07-25T00:00:00Z,43.91546,-70.50117
2423096650,2018-07-27T00:00:00Z,45.24942,-72.33669
2423074550,2019-09-11T00:00:00Z,44.92927,-72.21294
2423073659,2019-09-02T00:00:00Z,44.57581,-78.35567
2423071813,2019-09-14T00:00:00Z,40.86619,-74.00155
2423070074,2019-08-12T00:00:00Z,44.31764,-72.32499
2423062981,2019-09-08T00:00:00Z,45.51786,-78.3983
2423061683,2019-09-08T00:00:00Z,45.51776,-78.39768
2423061386,2019-09-08T00:00:00Z,45.51776,-78.39768
2423058354,2019-09-10T00:00:00Z,45.95096,-77.62498
2423047841,2019-09-02T00:00:00Z,42.05021,-70.20974
2423042993,2019-09-08T00:00:00Z,45.51776,-78.39762
2423042757,2019-09-08T00:00:00Z,45.51776,-78.39745
2423027479,2019-09-07T00:00:00Z,45.57605,-78.50038
2423024887,2019-09-11T00:00:00Z,43.79041,-73.31478
2423021232,2019-09-08T00:00:00Z,45.57238,-78.43933
2423009863,2019-09-05T00:00:00Z,43.2067,-74.5402
2423005891,2019-09-10T00:00:00Z,40.86619,-74.00157
2423002496,2019-09-05T00:00:00Z,45.55207,-78.59226
2422994174,2019-08-04T00:00:00Z,43.41284,-71.77671
2422990373,2019-09-08T00:00:00Z,45.51781,-78.39836
2422988264,2013-07-22T00:00:00Z,45.3835,-79.08216
2422985968,2019-09-07T00:00:00Z,45.63507,-78.35913
2422982552,2019-09-07T00:00:00Z,45.63548,-78.35963
2422977795,2019-09-05T00:00:00Z,45.87484,-77.77697
2422977785,2019-09-06T00:00:00Z,45.57233,-78.43907
2422973824,2019-08-12T00:00:00Z,44.89298,-79.85122
2422959454,2019-09-07T00:00:00Z,45.63506,-78.3592
2422953169,2019-09-07T00:00:00Z,41.76293,-75.89422
2422949203,2019-09-03T00:00:00Z,45.88654,-77.6164
2422947264,2019-09-03T00:00:00Z,45.88647,-77.62896
2422937638,2019-09-06T00:00:00Z,40.86615,-74.00162
2422937414,2019-09-03T00:00:00Z,45.88654,-77.6164
2422931314,2019-07-14T00:00:00Z,42.11563,-71.90876
2422927766,2019-08-30T00:00:00Z,45.97969,-78.48722
2422911059,2019-09-02T00:00:00Z,43.28089,-79.90702
2422909889,2019-09-04T00:00:00Z,40.7975,-73.95393
2422895278,2011-07-31T00:00:00Z,45.4183,-78.40451
2422893325,2019-09-01T00:00:00Z,43.70252,-71.77735
2422869208,2019-08-04T00:00:00Z,43.98318,-77.57355
2422817580,2018-08-30T00:00:00Z,45.08766,-79.03168
2422503703,2015-08-06T00:00:00Z,41.44587,-71.58743
2422427324,2002-07-17T00:00:00Z,41.59528,-71.70306
2422416340,2005-07-23T00:00:00Z,41.39639,-71.70833
2397704924,2016-07-30T00:00:00Z,43.59817,-76.19783
2397702460,2019-09-03T00:00:00Z,44.51724,-76.43521
2397676626,2019-09-02T00:00:00Z,40.43694,-79.9475
2397676127,2019-09-02T00:00:00Z,45.81842,-79.5109
2397675617,2019-09-02T00:00:00Z,45.50413,-75.49412
2397672760,2019-09-01T00:00:00Z,43.83257,-73.70943
2397666892,2019-08-31T00:00:00Z,45.35882,-75.805179999999993
2397661647,2019-09-01T00:00:00Z,42.2556,-71.33799
2397653658,2019-08-31T00:00:00Z,45.59892,-75.10845
2397638753,2019-08-30T00:00:00Z,45.635,-78.35917
2397630338,2019-08-29T00:00:00Z,42.92914,-72.15744
2397625621,2019-08-25T00:00:00Z,42.28892,-71.20343
2397622586,2019-08-26T00:00:00Z,42.29262,-71.3133
2397620337,2019-08-16T00:00:00Z,42.79012,-70.93993
2397618642,2019-08-29T00:00:00Z,45.56284,-74.43377
2397615630,2019-08-27T00:00:00Z,44.44421,-74.24201
2397613786,2019-08-14T00:00:00Z,42.4963,-73.77718
2397608423,2019-08-28T00:00:00Z,42.41032,-71.76058
2397594023,2019-08-28T00:00:00Z,45.27265,-76.65475
2397593153,2019-08-27T00:00:00Z,45.60363,-76.0042
2397591860,2019-08-27T00:00:00Z,43.97357,-74.43456
2397589112,2019-08-13T00:00:00Z,42.85899,-71.9624
2397583797,2019-08-24T00:00:00Z,45.35179,-75.81387
2397577139,2019-08-15T00:00:00Z,45.82205,-78.43858
2397574194,2019-08-25T00:00:00Z,44.22504,-74.3787
2397570512,2019-08-26T00:00:00Z,40.79834,-73.95331
2397568061,2019-08-25T00:00:00Z,44.90354,-79.5848
2397561981,2019-08-25T00:00:00Z,45.50439,-75.49324
2397555430,2019-08-12T00:00:00Z,42.89909,-72.017080000000007
2397555277,2019-08-12T00:00:00Z,42.89909,-72.017080000000007
2397544294,2019-08-24T00:00:00Z,42.61665,-75.92548
2397543719,2019-08-12T00:00:00Z,42.88437,-72.01955
2397535172,2019-08-22T00:00:00Z,42.51138,-72.15743
2397533873,2019-08-23T00:00:00Z,41.8974,-74.73132
2397531328,2019-08-17T00:00:00Z,44.09251,-70.99021
2397529477,2019-08-19T00:00:00Z,45.54341,-78.42436
2397521656,2019-08-23T00:00:00Z,44.72765,-79.84373
2397512676,2019-08-22T00:00:00Z,44.89816,-76.24966
2397493886,2019-08-03T00:00:00Z,45.24851,-79.82584
2366152715,2019-08-22T00:00:00Z,41.68263,-70.11593
2366144872,2019-08-21T00:00:00Z,44.43166,-70.02086
2366143387,2019-08-15T00:00:00Z,45.62138,-76.19763
2366141296,2019-08-18T00:00:00Z,45.87484,-77.77491
2366134794,2019-08-15T00:00:00Z,44.85592,-78.81657
2366129333,2019-08-20T00:00:00Z,44.74313,-73.32657
2366123287,2019-08-20T00:00:00Z,43.29486,-79.8744
2366122014,2019-08-20T00:00:00Z,44.84782,-79.23012
2366110457,2019-08-13T00:00:00Z,44.90903,-77.24954
2366102660,2019-08-19T00:00:00Z,41.04536,-77.59747
2366096407,2019-08-18T00:00:00Z,45.50107,-75.49877
2366095233,2019-08-10T00:00:00Z,44.89261,-77.19398
2366092230,2019-08-17T00:00:00Z,44.60136,-76.96688
2366082008,2019-08-11T00:00:00Z,42.12238,-71.20833
2366075823,2019-08-17T00:00:00Z,42.81212,-74.11673
2366071757,2019-08-16T00:00:00Z,44.51817,-76.48695
2366068576,2019-08-17T00:00:00Z,41.16353,-75.97834
2366054863,2019-08-16T00:00:00Z,44.67799,-77.88298
2366051588,2019-08-16T00:00:00Z,40.71277,-79.89666
2366037729,2019-08-12T00:00:00Z,41.75402,-72.21219
2350449100,2019-07-28T00:00:00Z,44.95368,-79.41556
2350425603,2019-08-14T00:00:00Z,42.94537,-72.29206
2350422720,2019-08-14T00:00:00Z,44.44855,-76.8462
2350421734,2019-08-13T00:00:00Z,44.3852,-77.85448
2350419687,2019-08-07T00:00:00Z,44.4485,-74.25941
2350417487,2019-08-11T00:00:00Z,43.1179,-72.00067
2350408147,2019-08-13T00:00:00Z,44.92546,-79.74341
2350401412,2019-08-11T00:00:00Z,45.00778,-79.52969
2350392402,2019-08-12T00:00:00Z,45.46792,-75.61171
2350389711,2019-08-09T00:00:00Z,45.9997,-78.26871
2350387625,2019-08-11T00:00:00Z,40.563720000000004,-74.1628
2350381765,2019-08-11T00:00:00Z,42.72304,-77.71424
2350379432,2019-07-25T00:00:00Z,44.90781,-78.82168
2350373182,2019-08-01T00:00:00Z,44.85888,-78.8672
2350371517,2019-08-10T00:00:00Z,45.18917,-78.86358
2350356005,2019-08-10T00:00:00Z,44.78194,-77.95321
2350351555,2019-08-09T00:00:00Z,42.10103,-71.62234
2350349807,2019-08-02T00:00:00Z,45.64265,-75.65342
2350345009,2019-08-03T00:00:00Z,41.06324,-74.85148
2350344864,2019-08-09T00:00:00Z,45.50256,-75.4971
2350343458,2019-08-09T00:00:00Z,45.35283,-75.81479
2350342109,2019-08-09T00:00:00Z,45.35275,-75.81425
2350339223,2019-08-09T00:00:00Z,40.77527,-73.97326
2350337115,2019-08-09T00:00:00Z,41.72246,-70.12914
2350336693,2019-08-08T00:00:00Z,44.47313,-77.30761
2350334449,2019-08-08T00:00:00Z,44.47455,-77.30606
2350324272,2019-08-02T00:00:00Z,45.51778,-79.94131
2350323066,2019-07-31T00:00:00Z,45.26958,-72.06248
2350317571,2019-07-17T00:00:00Z,44.58874,-76.99246
2331967481,2019-08-04T00:00:00Z,41.33883,-76.29325
2331966109,2019-08-05T00:00:00Z,45.46803,-78.83518
2331962809,2019-08-08T00:00:00Z,42.38911,-71.15074
2331959881,2019-08-03T00:00:00Z,44.37818,-74.30346
2331957306,2019-08-03T00:00:00Z,43.11786,-72.00036
2331954853,2019-08-07T00:00:00Z,44.62096,-76.24974
2331953312,2019-08-07T00:00:00Z,44.22269,-73.31332
2331946708,2019-08-02T00:00:00Z,45.8854,-77.61269
2331942164,2019-07-22T00:00:00Z,43.79278,-71.77654
2331941718,2019-07-14T00:00:00Z,44.44704,-78.60129
2331938705,2019-08-06T00:00:00Z,41.37086,-73.89055
2331937827,2019-08-05T00:00:00Z,44.46502,-77.29919
2331936465,2019-08-06T00:00:00Z,41.6938,-70.78641
2331933562,2019-08-06T00:00:00Z,41.84966,-75.35001
2331930180,2019-08-02T00:00:00Z,45.88502,-77.60936
2331924013,2019-08-05T00:00:00Z,44.42429,-76.85761
2331922832,2019-08-05T00:00:00Z,42.37368,-71.13988
2331919269,2019-08-05T00:00:00Z,40.79461,-73.95163
2331917123,2019-08-04T00:00:00Z,45.0197,-79.32098
2331909426,2019-08-04T00:00:00Z,45.60307,-76.00567
2331906893,2019-08-04T00:00:00Z,41.52848,-71.80987
2331906358,2019-08-04T00:00:00Z,41.3782,-72.11204
2331905296,2019-08-04T00:00:00Z,44.36952,-70.0477
2331904236,2019-07-31T00:00:00Z,44.91106,-78.38212
2331904004,2019-07-31T00:00:00Z,44.91106,-78.38212
2331900553,2019-08-04T00:00:00Z,42.5953,-71.28932
2331900080,2019-08-04T00:00:00Z,41.63736,-71.86954
2331892993,2019-08-04T00:00:00Z,41.15666,-76.01888
2331888163,2019-08-03T00:00:00Z,41.88282,-70.69599
2331888013,2019-08-03T00:00:00Z,45.35873,-78.91594
2331887743,2002-08-03T00:00:00Z,42.37591,-76.73113
2331881047,2019-08-03T00:00:00Z,42.38879,-71.28
2331875615,2019-08-02T00:00:00Z,42.63213,-72.11626
2331864890,2019-08-02T00:00:00Z,44.43018,-72.74238
2331864737,2019-08-02T00:00:00Z,40.86617,-74.00152
2331863821,2019-08-02T00:00:00Z,41.72991,-70.12634
2331863547,2019-08-02T00:00:00Z,43.41596,-75.96782
2331854825,2019-08-01T00:00:00Z,40.43452,-75.26171
2331849311,2019-07-28T00:00:00Z,45.41238,-78.86043
2331849242,2019-07-30T00:00:00Z,44.62661,-76.705
2331847845,2019-07-27T00:00:00Z,44.62118,-76.25143
2331846915,2019-07-28T00:00:00Z,45.26472,-75.795
2331845840,2019-07-27T00:00:00Z,42.55387,-71.36979
2331845330,2019-07-26T00:00:00Z,45.57432,-78.43037
2331838196,2019-07-08T00:00:00Z,42.45454,-71.39159
2331837424,2019-07-05T00:00:00Z,42.21572,-71.99947
2331837157,2019-07-01T00:00:00Z,40.81394,-74.98977
2331836974,2019-07-03T00:00:00Z,41.43885,-71.5002
2331835274,2019-06-24T00:00:00Z,40.21767,-74.89123
2311431025,2019-07-31T00:00:00Z,44.56331,-78.26536
2311430599,2019-07-30T00:00:00Z,42.1846,-71.69239
2311420062,2019-07-29T00:00:00Z,45.0383,-78.55676
2311407147,2019-07-30T00:00:00Z,45.94736,-77.61533
2311401864,2019-07-30T00:00:00Z,45.07013,-79.06353
2311398446,2019-07-27T00:00:00Z,41.40342,-73.94034
2311397899,2019-07-30T00:00:00Z,43.90905,-78.69255
2311378244,2019-07-26T00:00:00Z,45.55372,-78.62529
2311376746,2019-07-27T00:00:00Z,43.15969,-73.41899
2311362305,2019-07-21T00:00:00Z,45.30594,-79.8933
2311362220,2019-07-28T00:00:00Z,42.46449,-72.1597
2311359805,2019-07-28T00:00:00Z,44.21694,-73.15575
2311357365,2019-07-28T00:00:00Z,45.24135,-75.8071
2311353034,2019-07-26T00:00:00Z,43.74968,-74.78031
2311345195,2019-07-27T00:00:00Z,43.11826,-71.99961
2311340106,2019-07-27T00:00:00Z,42.54244,-74.95586
2311336685,2019-07-27T00:00:00Z,42.57245,-71.4786
2311326724,2019-07-26T00:00:00Z,44.2669,-73.267080000000007
2311325771,2019-07-26T00:00:00Z,45.21928,-79.79896
2311318430,2019-07-24T00:00:00Z,44.44281,-76.10077
2311314733,2019-07-25T00:00:00Z,44.95608,-79.42086
2311314351,2019-07-25T00:00:00Z,41.79448,-70.63259
2311311827,2019-07-21T00:00:00Z,43.66677,-71.20688
2311304614,2019-07-19T00:00:00Z,43.18589,-72.08301
2311304559,2019-07-20T00:00:00Z,41.5168,-74.53835
2311298714,2019-07-08T00:00:00Z,40.41768,-74.35262
2311297818,2019-07-05T00:00:00Z,42.38891,-71.14975
2311297802,2019-07-05T00:00:00Z,42.39039,-71.15102
2311297536,2019-07-04T00:00:00Z,42.52992,-71.31739
2311297516,2019-07-04T00:00:00Z,41.38591,-73.50383
2294847204,2014-06-05T00:00:00Z,43.8131,-74.65646
2294683666,2019-07-25T00:00:00Z,42.02958,-70.8658
2294678190,2019-07-24T00:00:00Z,44.92332,-78.8142
2294673213,2019-07-24T00:00:00Z,44.48339,-77.05046
2294669593,2019-07-24T00:00:00Z,44.62535,-73.23952
2294668947,2019-07-23T00:00:00Z,45.50148,-75.49689
2294668298,2019-07-24T00:00:00Z,40.86615,-74.00152
2294665756,2019-07-24T00:00:00Z,43.66646,-71.55556
2294661486,2019-07-24T00:00:00Z,40.64239,-73.95929
2294660873,2019-07-24T00:00:00Z,42.36826,-71.14682
2294654616,2019-07-23T00:00:00Z,45.56842,-78.51205
2294649404,2019-07-23T00:00:00Z,45.37019,-75.79306
2294647753,2019-07-23T00:00:00Z,43.40315,-74.53854
2294646846,2019-07-23T00:00:00Z,44.32511,-74.15259
2294636840,2019-07-22T00:00:00Z,44.25673,-77.6592
2294636310,2019-07-22T00:00:00Z,45.34282,-73.75114
2294635288,2019-07-22T00:00:00Z,44.89225,-79.47228
2294633361,2019-07-22T00:00:00Z,42.47749,-71.33189
2294627617,2019-07-22T00:00:00Z,44.06635,-70.80606
2294619148,2019-07-15T00:00:00Z,42.51983,-71.03593
2294616331,2019-07-21T00:00:00Z,42.66989,-72.33058
2294610193,2019-07-21T00:00:00Z,40.59759,-79.99849
2294609575,2019-07-21T00:00:00Z,42.7665,-71.40576
2294607712,2019-07-21T00:00:00Z,41.81968,-72.42262
2294602554,2019-07-08T00:00:00Z,42.48006,-76.45236
2294594140,2019-07-20T00:00:00Z,43.67414,-73.23598
2294583571,2019-06-28T00:00:00Z,42.17296,-71.89156
2294582931,2019-07-19T00:00:00Z,43.66712,-71.20784
2294579752,2019-07-13T00:00:00Z,44.78293,-79.50484
2294577140,2019-07-19T00:00:00Z,43.79348,-71.77718
2294575566,2019-07-19T00:00:00Z,41.28227,-74.30001
2294568354,2019-07-18T00:00:00Z,44.80392,-78.90258
2294567948,2019-07-18T00:00:00Z,44.80389,-78.90274
2294564370,2019-07-18T00:00:00Z,42.10822,-71.32163
2294563965,2019-07-18T00:00:00Z,43.9363,-70.67017
2294563460,2019-07-18T00:00:00Z,42.10817,-71.32138
2294563119,2019-07-18T00:00:00Z,42.10828,-71.32118
2294540732,2019-07-14T00:00:00Z,40.79465,-73.9581
2294540559,2019-07-14T00:00:00Z,40.79458,-73.95811
2294537849,2019-07-02T00:00:00Z,42.34733,-79.38774
2294536657,2019-07-02T00:00:00Z,42.3497,-79.38905
2294536355,2019-07-02T00:00:00Z,42.34704,-79.38778
2294527275,2019-07-16T00:00:00Z,43.36634,-71.95157
2294521921,2019-07-10T00:00:00Z,44.5008,-73.17609
2294515296,2019-07-15T00:00:00Z,44.78289,-79.03042
2294510100,2019-07-15T00:00:00Z,42.60426,-71.59659
2294507054,2019-07-13T00:00:00Z,44.50717,-76.04312
2294506106,2019-07-14T00:00:00Z,45.17922,-79.51822
2294504501,2019-07-14T00:00:00Z,45.43978,-75.40457
2294501646,2019-07-14T00:00:00Z,41.76307,-72.1699
2294500499,2019-07-14T00:00:00Z,45.40314,-75.74549
2294493470,2019-07-14T00:00:00Z,40.43695,-79.94742
2294490993,2019-07-14T00:00:00Z,43.18861,-71.66708
2294489855,2019-07-12T00:00:00Z,42.45791,-71.43334
2294477662,2019-07-13T00:00:00Z,41.59556,-71.70251
2294476777,2019-07-13T00:00:00Z,43.85006,-73.5734
2294475130,2019-07-13T00:00:00Z,40.43957,-79.94288
2294473484,2019-07-13T00:00:00Z,40.43955,-79.94332
2294473164,2019-07-13T00:00:00Z,40.43944,-79.94324
2294465838,2019-07-12T00:00:00Z,45.59892,-75.10845
2294460501,2019-07-12T00:00:00Z,44.61949,-75.38012
2294455894,2019-07-12T00:00:00Z,42.46851,-71.35048
2294447897,2019-07-11T00:00:00Z,42.57386,-71.54132
2294444971,2019-07-09T00:00:00Z,42.47747,-71.33202
2294443636,2019-07-08T00:00:00Z,42.43912,-71.81206
2294437047,2019-07-03T00:00:00Z,41.16094,-75.97429
2294428607,2019-06-22T00:00:00Z,41.35208,-72.41889
2294428330,2019-06-22T00:00:00Z,42.52104,-71.53454
2294427578,2019-06-20T00:00:00Z,40.77446,-77.79733
2294426843,2019-06-19T00:00:00Z,41.96497,-71.67371
2294425106,2019-06-15T00:00:00Z,41.50716,-75.09568
2294398815,2018-07-06T00:00:00Z,45.269,-77.60178
2283273364,2019-07-11T00:00:00Z,40.33122,-74.94216
2283268132,2019-07-10T00:00:00Z,41.17371,-74.5365
2283227205,2019-07-08T00:00:00Z,44.78911,-79.00026
2283223044,2018-08-12T00:00:00Z,40.7788,-74.72099
2283217219,2019-07-06T00:00:00Z,42.495,-71.367
2283202877,2019-07-06T00:00:00Z,42.47751,-71.33197
2283193597,2019-07-06T00:00:00Z,42.47756,-71.33198
2283190862,2019-07-06T00:00:00Z,42.43268,-71.3273
2283150968,2019-07-03T00:00:00Z,42.53415,-72.27343
2283150234,2019-07-03T00:00:00Z,42.53117,-72.22363
2283136566,2019-07-01T00:00:00Z,44.57424,-78.3557
2283124664,2014-08-27T00:00:00Z,45.50185,-75.49645
2283111445,2019-07-01T00:00:00Z,42.46811,-71.54836
2283054240,2019-06-28T00:00:00Z,42.01836,-70.87417
2283050939,2019-06-26T00:00:00Z,43.63794,-73.26837
2283037680,2019-06-23T00:00:00Z,40.33093,-74.94257
2283033325,2019-06-19T00:00:00Z,44.78274,-78.87209
2273323808,2019-06-26T00:00:00Z,41.98054,-70.96602
2273226953,2019-06-19T00:00:00Z,40.50729,-74.21803
2269251280,2019-06-15T00:00:00Z,41.156,-76.01979
2265896936,2015-07-10T00:00:00Z,42.78082,-72.87768
2265896758,2012-07-19T00:00:00Z,45.63547,-78.3549
2252086937,2017-08-24T00:00:00Z,40.86677,-73.87585
2252086663,2017-08-05T00:00:00Z,40.80224,-74.69688
2252086617,2017-08-01T00:00:00Z,41.72551,-75.22588
2252085754,2017-06-13T00:00:00Z,40.66728,-74.31635
2251895495,2019-05-25T00:00:00Z,41.7946,-74.07439
2251854601,2008-07-19T00:00:00Z,42.63154,-70.92058
2251826476,2018-07-20T00:00:00Z,41.51687,-74.53821
2251822081,2018-09-01T00:00:00Z,40.35514,-74.76927
2251820214,2018-07-22T00:00:00Z,45.75093,-74.82728
2242990712,2019-05-14T00:00:00Z,40.09342,-74.85819
2242738840,2018-07-14T00:00:00Z,42.92978,-73.76444
2238826721,2019-04-26T00:00:00Z,42.49861,-71.45191
2236926902,2018-09-11T00:00:00Z,44.54046,-78.54637
2236873855,2018-07-11T00:00:00Z,44.48551,-77.31868
2235556877,2016-08-03T00:00:00Z,45.66652,-79.63991
2235497051,2003-07-28T00:00:00Z,45.56048,-78.44432
2234815640,2014-06-25T00:00:00Z,40.77119,-73.7655
2028518346,2016-09-15T00:00:00Z,42.25583,-71.33782
2028518255,2016-08-19T00:00:00Z,41.7375,-71.44646
2012988115,2018-07-05T00:00:00Z,40.55597,-74.58822
2012971363,2018-07-07T00:00:00Z,41.18815,-74.42636
2012966881,2018-08-05T00:00:00Z,44.43967,-70.55175
2012962708,2018-08-02T00:00:00Z,43.2625,-76.94079
2006069075,2018-08-27T00:00:00Z,45.76194,-74.41342
2006068157,2018-08-27T00:00:00Z,45.76214,-74.41359
2005396940,2011-07-13T00:00:00Z,44.55733,-77.11671
1999092926,2013-07-14T00:00:00Z,42.44611,-71.09528
1993758839,2018-06-30T00:00:00Z,42.67637,-72.19137
1993743963,2008-08-06T00:00:00Z,45.318,-79.24301
1993707642,2018-09-01T00:00:00Z,42.25361,-71.33694
1990643665,2017-07-11T00:00:00Z,44.14806,-78.16222
1990611456,2016-07-02T00:00:00Z,41.68126,-72.60301
1990514296,2011-07-31T00:00:00Z,45.11537,-78.0483
1990508234,2008-08-06T00:00:00Z,45.318,-79.24301
1990467312,2015-09-11T00:00:00Z,42.25585,-71.33776
1990450543,2018-08-26T00:00:00Z,44.45595,-74.22825
1990446609,2018-07-21T00:00:00Z,44.5016,-77.79204
1990445745,2018-07-13T00:00:00Z,43.09944,-71.66182
1986630676,2015-08-02T00:00:00Z,42.29824,-72.23883
1986506117,2018-09-12T00:00:00Z,45.48912,-78.24251
1986500947,2018-06-27T00:00:00Z,44.65999,-78.35474
1978861846,2016-09-15T00:00:00Z,40.48852,-78.03643
1978832325,2018-07-07T00:00:00Z,45.6878,-77.5015
1978814055,2018-07-21T00:00:00Z,44.43227,-77.33977
1978813336,2018-06-24T00:00:00Z,44.88066,-72.15072
1978812830,2018-05-30T00:00:00Z,43.75225,-73.21179
1978468224,2017-06-27T00:00:00Z,44.79199,-79.00067
1977968877,1998-08-10T00:00:00Z,45.83333,-71.08333
1948732252,2018-07-11T00:00:00Z,40.66463,-73.51732
1946363056,2018-08-18T00:00:00Z,42.24328,-71.96219
1945475839,2017-09-04T00:00:00Z,43.2823,-73.69898
1945475229,2017-07-04T00:00:00Z,40.35847,-74.76627
1945459034,2013-07-20T00:00:00Z,43.49401,-73.20735
1945422761,2016-07-13T00:00:00Z,41.79321,-70.63479
1945421298,2018-09-24T00:00:00Z,42.67788,-73.82225
1945421016,2018-09-19T00:00:00Z,42.00344,-79.89967
1945419856,2018-07-16T00:00:00Z,42.80859,-72.05719
1945419824,2018-08-25T00:00:00Z,42.72798,-71.28161
1945419751,2018-08-08T00:00:00Z,44.95368,-79.41556
1945419378,2018-08-19T00:00:00Z,42.63478,-70.91585
1945417461,2018-07-07T00:00:00Z,41.56255,-71.47551
1945417302,2018-07-03T00:00:00Z,40.28157,-79.94423
1945417272,2018-07-02T00:00:00Z,42.61485,-70.87063
1945415875,2018-05-23T00:00:00Z,44.99046,-72.87218
1945415857,2018-05-22T00:00:00Z,42.23174,-71.23511
1944411342,2016-07-28T00:00:00Z,45.50185,-75.49645
1944389908,2010-07-16T00:00:00Z,42.16018,-75.98229
1935596481,2018-11-01T00:00:00Z,40.50773,-74.22135
1933555301,2014-07-10T00:00:00Z,42.16017,-75.98239
1931526818,2017-08-16T00:00:00Z,45.37392,-75.79372
1931525623,2009-08-09T00:00:00Z,44.89224,-79.75306
1931508992,2018-07-14T00:00:00Z,45.63407,-76.19039
1931474990,2018-06-27T00:00:00Z,45.82149,-79.51274
1930857175,2013-10-31T00:00:00Z,40.77832,-73.97175
1930464090,2011-06-20T00:00:00Z,40.86758,-73.87725
1930010817,2014-06-30T00:00:00Z,40.79746,-73.95405
1929761844,1991-10-09T00:00:00Z,40.85,-73.88
1929496311,1999-08-31T00:00:00Z,41.45,-73.62
1929239656,2007-06-27T00:00:00Z,41.45212,-73.61518
1928979003,2015-08-08T00:00:00Z,41.07958,-71.91132
1928192516,2009-08-15T00:00:00Z,44.18814,-74.43591
1928019079,2006-07-19T00:00:00Z,40.8678,-73.8772
1920814047,2018-10-07T00:00:00Z,45.25464,-75.30434
1920790644,2018-09-04T00:00:00Z,44.71953,-78.99727
1914327367,2018-08-31T00:00:00Z,44.23076,-78.77212
1914213812,2018-09-03T00:00:00Z,44.42893,-72.74299
1914200007,2018-09-16T00:00:00Z,44.92852,-78.46457
1913711457,2018-09-20T00:00:00Z,41.63979,-70.33218
1913682638,2018-08-09T00:00:00Z,44.88563,-78.83781
1913201491,2016-07-28T00:00:00Z,44.91955,-79.38477
1913198959,2018-09-11T00:00:00Z,40.93678,-73.96427
1901072780,2018-08-29T00:00:00Z,45.86735,-77.75813
1901071474,2018-06-04T00:00:00Z,40.57861,-74.44592
1901068968,2018-08-09T00:00:00Z,45.91582,-79.53652
1901065978,2018-09-03T00:00:00Z,45.4109,-72.68532
1901064105,2018-09-03T00:00:00Z,45.37193,-75.79452
1901060603,2018-08-08T00:00:00Z,45.81842,-79.51078
1901051964,2018-08-28T00:00:00Z,44.55905,-78.21663
1901046880,2018-08-31T00:00:00Z,45.37193,-75.79452
1901044950,2018-08-24T00:00:00Z,45.66203,-78.77031
1901044099,2018-09-01T00:00:00Z,45.21129,-79.88262
1901043998,2018-09-01T00:00:00Z,45.21123,-79.88219
1901030819,2018-08-01T00:00:00Z,44.54385,-72.39784
1901030812,2018-08-01T00:00:00Z,44.54388,-72.39787
1899882244,2016-07-11T00:00:00Z,42.46198,-72.16305
1899797618,2018-08-28T00:00:00Z,45.00804,-79.53113
1899791540,2018-08-21T00:00:00Z,44.1063,-70.99506
1899790129,2018-08-27T00:00:00Z,43.577,-73.41224
1899778905,2018-08-26T00:00:00Z,42.59599,-70.76867
1899774620,2018-08-24T00:00:00Z,43.72692,-71.56229
1899769377,2018-08-23T00:00:00Z,44.50737,-76.04275
1899383940,1974-08-30T00:00:00Z,43.63333,-78.51667
1899374817,1983-07-27T00:00:00Z,44.33333,-79.25
1899374813,1983-07-10T00:00:00Z,44.2,-79.51667
1899374753,1983-07-27T00:00:00Z,44.33333,-79.25
1899281132,2011-08-09T00:00:00Z,44.616,-78.79402
1898840807,2018-08-23T00:00:00Z,45.50312,-75.49716
1898839539,2018-08-19T00:00:00Z,43.17689,-71.57938
1898833038,2018-08-22T00:00:00Z,41.87851,-70.99053
1898827214,2018-08-21T00:00:00Z,41.23128,-74.12883
1898827180,2018-08-17T00:00:00Z,42.59446,-72.57764
1898821398,2018-08-20T00:00:00Z,44.52663,-77.89846
1898819445,2018-08-20T00:00:00Z,43.69907,-71.6732
1898818794,2018-08-20T00:00:00Z,43.79184,-71.7761
1898814388,2018-08-19T00:00:00Z,41.67224,-74.98585
1898808880,2018-07-16T00:00:00Z,42.5852,-75.62592
1898805081,2018-08-17T00:00:00Z,44.76472,-76.25528
1898801083,2018-08-10T00:00:00Z,44.96948,-75.68434
1898798740,2018-08-17T00:00:00Z,44.76486,-76.25517
1898796259,2018-08-16T00:00:00Z,44.96221,-76.80448
1898789726,2018-08-09T00:00:00Z,45.09361,-78.74445
1898788781,2015-07-20T00:00:00Z,42.47912,-76.45287
1891353102,2018-08-16T00:00:00Z,44.96254,-76.8035
1891353049,2018-06-28T00:00:00Z,45.08554,-79.02882
1891350294,2018-08-16T00:00:00Z,43.28292,-79.89881
1891343790,2018-08-11T00:00:00Z,44.24609,-72.2484
1891341960,2018-07-28T00:00:00Z,44.45271,-74.26329
1891332639,2018-08-14T00:00:00Z,44.43004,-72.74241
1891332274,2018-08-14T00:00:00Z,41.76565,-70.66857
1891325005,2018-08-12T00:00:00Z,45.58367,-72.13159
1891323162,2018-07-24T00:00:00Z,45.33013,-72.19564
1891317087,2018-07-23T00:00:00Z,44.09825,-70.28648
1891316048,2018-07-26T00:00:00Z,44.34618,-70.28759
1891309687,2018-08-11T00:00:00Z,43.02514,-78.89536
1891305869,2018-08-10T00:00:00Z,43.26077,-72.43074
1891303566,2018-08-10T00:00:00Z,44.53472,-73.27806
1891303281,2018-08-09T00:00:00Z,44.58974,-78.07212
1891300440,2018-08-09T00:00:00Z,42.46168,-71.35671
1891299858,2018-08-09T00:00:00Z,44.76485,-76.25535
1890718499,2018-07-29T00:00:00Z,45.50417,-75.49417
1890718486,2018-08-08T00:00:00Z,44.97369,-73.17122
1890715826,2018-08-08T00:00:00Z,41.73395,-70.79441
1890713069,2018-08-02T00:00:00Z,44.8125,-71.11278
1890708722,2018-08-04T00:00:00Z,45.0184,-79.98701
1890704237,2018-08-06T00:00:00Z,45.94719,-77.61703
1890690356,2018-08-04T00:00:00Z,40.21815,-74.77977
1890689303,2018-08-04T00:00:00Z,42.47918,-76.4511
1890688559,2018-07-29T00:00:00Z,43.63229,-73.73813
1890684519,2018-07-28T00:00:00Z,45.7931,-78.42557
1890680200,2018-08-03T00:00:00Z,43.28265,-79.89896
1890680191,2018-08-01T00:00:00Z,45.93585,-77.80708
1890678059,2018-07-29T00:00:00Z,43.31297,-71.74622
1890669932,2018-07-10T00:00:00Z,41.64951,-70.62405
1890079418,2018-07-31T00:00:00Z,43.28267,-79.89895
1890078421,2018-07-31T00:00:00Z,40.37813,-74.42674
1890078341,2018-07-30T00:00:00Z,44.54895,-77.32796
1890077875,2018-07-30T00:00:00Z,45.59387,-76.18386
1890071536,2018-07-30T00:00:00Z,45.50065,-75.4993
1890070226,2018-07-30T00:00:00Z,43.75528,-72.23093
1890061664,2018-07-28T00:00:00Z,44.98611,-75.6678
1890060245,2018-07-29T00:00:00Z,44.53522,-73.27823
1890058464,2018-07-29T00:00:00Z,43.26128,-72.43098
1890054186,2018-07-28T00:00:00Z,44.47788,-77.30325
1890051081,2018-07-28T00:00:00Z,40.58947,-74.51253
1890036909,2018-07-11T00:00:00Z,40.66496,-73.52061
1883968814,2018-07-26T00:00:00Z,44.21927,-74.43923
1883967803,2018-07-26T00:00:00Z,45.37319,-75.7929
1883961689,2018-07-24T00:00:00Z,44.97225,-79.28961
1883953321,2018-07-20T00:00:00Z,45.53647,-76.55408
1883948937,2018-07-23T00:00:00Z,45.27499,-72.16476
1883944262,2018-07-18T00:00:00Z,43.29486,-79.87428
1883944135,2018-07-22T00:00:00Z,43.47566,-74.44236
1883934830,2018-07-22T00:00:00Z,44.92578,-79.36174
1883932785,2018-07-21T00:00:00Z,42.36845,-71.14766
1883932728,2018-07-21T00:00:00Z,44.55744,-77.11675
1883932573,2018-07-21T00:00:00Z,43.67422,-73.23597
1883930309,2018-07-21T00:00:00Z,42.62763,-70.91306
1883927555,2018-07-21T00:00:00Z,42.0054,-71.12397
1883913677,2018-07-06T00:00:00Z,42.27231,-71.17434
1883912421,2018-06-30T00:00:00Z,45.53685,-76.55511
1883563398,2018-07-19T00:00:00Z,44.04025,-71.11583
1883563202,2018-07-19T00:00:00Z,42.95645,-71.93212
1883562978,2018-07-19T00:00:00Z,41.3783,-72.11219
1883554509,2018-07-17T00:00:00Z,45.31963,-79.24212
1883551696,2018-07-17T00:00:00Z,43.57532,-70.22916
1883547303,2018-07-15T00:00:00Z,42.23431,-71.03116
1883540942,2018-07-14T00:00:00Z,43.29485,-79.8744
1883537237,2018-07-12T00:00:00Z,42.37098,-71.14702
1883534810,2018-07-14T00:00:00Z,42.23411,-71.0317
1883534055,2018-07-14T00:00:00Z,44.39256,-77.87792
1883525299,2018-07-14T00:00:00Z,42.60436,-71.59652
1883522582,2018-07-13T00:00:00Z,44.55325,-73.11916
1883522454,2018-07-13T00:00:00Z,40.02988,-78.64114
1883516727,2018-07-13T00:00:00Z,45.39132,-79.2154
1883508579,2018-07-11T00:00:00Z,43.6373,-73.26862
1883505504,2010-08-08T00:00:00Z,44.49092,-76.84901
1883503267,2018-07-11T00:00:00Z,42.64173,-72.22276
1883503228,2018-07-10T00:00:00Z,42.12588,-72.6825
1883502692,2018-07-11T00:00:00Z,44.88099,-72.15069
1883500208,2018-07-10T00:00:00Z,40.90517,-72.67307
1883494279,2018-07-10T00:00:00Z,40.79486,-73.95178
1883493453,2018-07-07T00:00:00Z,42.29072,-71.20598
1883487771,2018-07-09T00:00:00Z,45.53623,-76.55328
1883487611,2018-07-09T00:00:00Z,43.2949,-79.87436
1883486705,2018-07-09T00:00:00Z,44.86774,-72.97946
1883479972,2018-07-08T00:00:00Z,40.35848,-74.7662
1883476735,2018-07-08T00:00:00Z,44.74934,-76.27611
1883475522,2018-07-07T00:00:00Z,42.25514,-71.33666
1883472220,2018-07-07T00:00:00Z,42.18649,-73.08618
1880658751,2018-07-07T00:00:00Z,45.59348,-75.06111
1880646432,2018-07-01T00:00:00Z,45.37609,-78.91991
1880637288,2018-07-03T00:00:00Z,42.86387,-72.55972
1880635182,2018-07-04T00:00:00Z,44.47311,-77.30762
1880634560,2018-07-03T00:00:00Z,42.84834,-78.85368
1880627133,2018-07-02T00:00:00Z,43.57691,-73.41258
1880621599,2018-07-02T00:00:00Z,42.55197,-71.29834
1880617512,2018-06-29T00:00:00Z,42.32414,-71.17278
1880614576,2018-06-29T00:00:00Z,45.81682,-79.51375
1880535560,2018-06-20T00:00:00Z,44.90696,-78.83887
1880535471,2018-06-21T00:00:00Z,42.36847,-71.14754
1880506906,2018-06-17T00:00:00Z,44.828360000000004,-76.06991
1880503116,2018-06-16T00:00:00Z,40.02924,-78.19031
1880494705,2018-06-16T00:00:00Z,45.40235,-72.69682
1880482650,2018-05-15T00:00:00Z,40.35775,-74.76571
1850987786,2015-06-13T00:00:00Z,40.70749,-74.51285
1850975897,2017-06-27T00:00:00Z,44.79204,-79.0242
1849151194,1988-08-15T00:00:00Z,44.55278,-76.04694
1848813746,2016-07-23T00:00:00Z,43.81358,-73.70996
1847591178,2010-08-13T00:00:00Z,43.29492,-79.87414
1847512012,2018-05-09T00:00:00Z,40.56062,-75.96743
1846543529,1981-07-02T00:00:00Z,42.29905,-71.12232
1838048757,2016-06-23T00:00:00Z,44.48003,-77.29749
1837764295,2017-09-08T00:00:00Z,41.50217,-74.55157
1837764211,2017-09-08T00:00:00Z,41.50218,-74.55158
1836688943,2017-07-14T00:00:00Z,41.90979,-73.80802
1836688773,2017-07-27T00:00:00Z,41.40081,-73.9385
1836566554,2015-07-18T00:00:00Z,44.47483,-77.30444
1831211683,2017-09-17T00:00:00Z,45.26081,-75.34675
1831157960,2017-08-16T00:00:00Z,44.23753,-70.86336
1831098663,2010-07-09T00:00:00Z,44.47465,-77.30607
1806336261,2013-08-16T00:00:00Z,44.47786,-77.30358
1805401971,2013-07-01T00:00:00Z,44.48328,-77.22742
1805396745,2017-08-27T00:00:00Z,43.18853,-71.68035
1804577492,1986-07-18T00:00:00Z,45.73333,-75.8
1804560240,1987-07-18T00:00:00Z,45.80833,-76.89167
1804552779,1976-08-06T00:00:00Z,45.31667,-75.1
1804533050,2007-08-11T00:00:00Z,43.972,-74.146
1804510987,1979-08-06T00:00:00Z,45.81667,-73.35
1804468872,1990-07-11T00:00:00Z,44.85,-77.23333
1804450104,1987-07-29T00:00:00Z,44.8,-75.81667
1804425421,1987-08-25T00:00:00Z,44.55,-77.1
1804421812,1983-07-24T00:00:00Z,45.26667,-77.38333
1802733553,2012-07-20T00:00:00Z,45.35492,-77.75196
1802733260,2012-07-24T00:00:00Z,44.47768,-77.30058
1802717373,2012-07-02T00:00:00Z,44.383,-77.3136
1802696443,2014-07-20T00:00:00Z,44.75076,-79.69474
1802641292,2017-10-24T00:00:00Z,40.50796,-74.46284
1703220567,2014-08-04T00:00:00Z,45.39384,-79.20146
1703193880,2012-07-15T00:00:00Z,44.87273,-79.8696
1703159081,2016-08-29T00:00:00Z,45.95722,-78.05043
1703144118,2017-07-22T00:00:00Z,43.28291,-79.899
1702479655,2017-11-05T00:00:00Z,40.47425,-74.42355
1702458721,2017-09-10T00:00:00Z,42.40258,-71.51096
1699397348,2016-09-03T00:00:00Z,44.53419,-78.48969
1699389428,2017-08-04T00:00:00Z,43.23687,-76.95811
1677352250,2013-07-06T00:00:00Z,43.29492,-79.87414
1677321760,2017-10-19T00:00:00Z,45.34991,-75.81875
1677317680,2017-10-18T00:00:00Z,43.46514,-72.75809
1677279835,2017-10-06T00:00:00Z,45.43772,-75.75141
1671735318,2012-08-04T00:00:00Z,45.06191,-79.14501
1671723074,2014-08-30T00:00:00Z,44.91312,-78.05683
1668887606,2017-10-01T00:00:00Z,45.50185,-75.49645
1668866565,2014-08-23T00:00:00Z,44.76733,-76.24743
1668846898,2017-09-17T00:00:00Z,44.87229,-78.98833
1668844842,2017-08-12T00:00:00Z,44.86569,-72.05051
1668835816,2017-09-08T00:00:00Z,45.63459,-78.36398
1668835805,2017-09-07T00:00:00Z,45.63494,-78.35938
1668819170,2015-07-16T00:00:00Z,45.55397,-78.59676
1668812141,2017-09-07T00:00:00Z,45.63502,-78.35925
1668812103,2017-09-07T00:00:00Z,45.63502,-78.35925
1640121193,2017-09-11T00:00:00Z,42.29301,-71.31053
1640120725,2017-08-24T00:00:00Z,45.7105,-78.69164
1640113999,2017-09-09T00:00:00Z,45.50236,-75.49692
1640110009,2017-09-07T00:00:00Z,45.63508,-78.35921
1640109681,2017-09-07T00:00:00Z,45.63502,-78.35923
1640106698,2017-09-07T00:00:00Z,44.691,-71.66572
1640099590,2017-09-01T00:00:00Z,43.28278,-79.89889
1640095736,2017-07-22T00:00:00Z,43.10573,-71.65793
1640084366,2017-08-28T00:00:00Z,45.55397,-78.59676
1640052960,2017-08-23T00:00:00Z,43.23191,-72.10216
1640050523,2017-08-17T00:00:00Z,44.86038,-78.89278
1621804756,2017-08-21T00:00:00Z,44.80415,-79.23955
1621796007,2017-08-19T00:00:00Z,45.84698,-78.52057
1621795041,2017-08-12T00:00:00Z,40.63903,-74.4498
1621793516,2017-08-21T00:00:00Z,43.67392,-73.23613
1621790735,2017-08-10T00:00:00Z,43.183,-71.72427
1621787249,2017-08-19T00:00:00Z,44.40234,-72.34208
1621782021,2017-08-06T00:00:00Z,41.07984,-74.83436
1621782006,2017-08-19T00:00:00Z,42.30156,-71.11893
1621775402,2017-08-03T00:00:00Z,43.63028,-73.73866
1621775184,2017-07-14T00:00:00Z,44.11581,-74.64001
1621774335,2017-07-14T00:00:00Z,43.47563,-74.4421
1586954248,2017-08-15T00:00:00Z,44.18805,-72.83199
1586953687,2017-08-15T00:00:00Z,44.33181,-79.87701
1586944440,2017-08-14T00:00:00Z,42.86426,-72.55963
1586939490,2017-08-06T00:00:00Z,44.17373,-77.38166
1586939406,2017-08-13T00:00:00Z,44.56056,-77.11716
1586938577,2017-08-13T00:00:00Z,43.48541,-71.96793
1586933503,2017-08-12T00:00:00Z,42.60977,-73.89002
1586932073,2017-08-11T00:00:00Z,42.48104,-76.4507
1586931151,2017-08-03T00:00:00Z,44.53019,-78.32139
1586930021,2017-08-11T00:00:00Z,45.50376,-75.49369
1586927100,2017-08-10T00:00:00Z,41.73341,-70.1213
1586152446,2017-08-08T00:00:00Z,45.49942,-75.48541
1586125458,2017-08-02T00:00:00Z,42.30513,-71.38914
1586121611,2017-08-01T00:00:00Z,43.11588,-71.17785
1586120588,2017-08-01T00:00:00Z,45.37315,-75.79073
1586112039,2017-07-29T00:00:00Z,44.68486,-77.93598
1586112032,2017-07-29T00:00:00Z,44.91101,-78.1339
1586110321,2017-07-30T00:00:00Z,45.39136,-79.21707
1586106625,2017-07-27T00:00:00Z,43.67463,-73.23503
1584433718,2017-07-27T00:00:00Z,41.6495,-70.62403
1584433663,2017-07-10T00:00:00Z,44.19351,-70.24215
1584432777,2017-07-23T00:00:00Z,44.29541,-72.31823
1584432462,2017-07-26T00:00:00Z,44.73334,-78.1836
1584431007,2017-07-26T00:00:00Z,41.73293,-73.19875
1584425435,2017-07-25T00:00:00Z,41.77558,-72.07802
1584420674,2017-07-23T00:00:00Z,43.68893,-75.01301
1584419562,2017-07-04T00:00:00Z,43.08259,-71.57662
1584418828,2017-07-23T00:00:00Z,44.42061,-77.31132
1584417973,2017-07-23T00:00:00Z,42.47728,-71.33239
1584416447,2017-07-23T00:00:00Z,42.48198,-71.47751
1584416405,2017-07-23T00:00:00Z,42.47906,-71.47051
1584414187,2017-07-22T00:00:00Z,42.36021,-72.49386
1584412173,2017-07-22T00:00:00Z,43.28266,-79.89889
1584409486,2017-07-11T00:00:00Z,40.57829,-74.44641
1580508918,2017-07-18T00:00:00Z,43.7171,-71.44546
1580505035,2017-07-16T00:00:00Z,42.84862,-78.85363
1580492852,2017-07-13T00:00:00Z,45.46161,-76.27934
1580490612,2017-07-13T00:00:00Z,42.48118,-76.45059
1580489334,2017-07-09T00:00:00Z,43.88966,-72.15651
1572398096,2017-07-12T00:00:00Z,44.66789,-77.90362
1572397763,2017-07-11T00:00:00Z,40.08056,-74.9107
1572391866,2017-07-10T00:00:00Z,41.99175,-72.13169
1572390873,2017-07-01T00:00:00Z,44.76611,-76.25484
1572387579,2017-07-01T00:00:00Z,44.61049,-78.19194
1572385475,2017-07-09T00:00:00Z,41.78187,-72.08138
1572375822,2017-07-07T00:00:00Z,42.39638,-71.14855
1572375209,2017-07-06T00:00:00Z,45.37021,-75.79338
1572372056,2017-07-06T00:00:00Z,41.50025,-73.11025
1572367970,2017-07-01T00:00:00Z,45.83488,-79.50703
1571199368,2017-06-29T00:00:00Z,41.91636,-70.69658
1571196825,2017-06-28T00:00:00Z,44.79236,-79.00125
1571177443,2016-07-02T00:00:00Z,40.65746,-73.96744
1455183542,1971-08-24T00:00:00Z,45.86667,-74.02833
1455183520,1982-07-16T00:00:00Z,45.4,-73.93333
1455183516,1976-08-15T00:00:00Z,45.26667,-72.06667
1455183496,1974-07-27T00:00:00Z,45.81667,-74.48333
1455183492,1986-07-21T00:00:00Z,45.46667,-74.08333
1455183486,1982-08-24T00:00:00Z,45.38333,-73.75
1455183480,1978-01-01T00:00:00Z,45.38333,-73.88333
1453545302,2014-07-20T00:00:00Z,41.07428,-74.84097
1453427249,2016-08-20T00:00:00Z,41.07987,-74.83422
1453374382,2014-04-20T00:00:00Z,40.8112,-74.27195
1453327697,2012-07-03T00:00:00Z,43.71009,-74.97348
1453327263,2013-08-11T00:00:00Z,45.50185,-75.49645
1453312450,2015-06-29T00:00:00Z,45.41213,-75.98256
1453283422,2015-07-11T00:00:00Z,44.94144,-79.51363
1453262553,2011-07-24T00:00:00Z,44.86914,-78.8375
1453118281,2016-09-26T00:00:00Z,42.80297,-71.54656
1453116530,2016-09-21T00:00:00Z,42.82504,-71.64866
1453091766,2016-06-09T00:00:00Z,42.81849,-71.64975
1453064520,2015-08-23T00:00:00Z,43.18885,-71.6806
1453064232,2015-09-10T00:00:00Z,44.95726,-73.15057
1453062553,2015-07-24T00:00:00Z,43.73979,-71.53228
1453060741,2015-07-12T00:00:00Z,43.08563,-71.17338
1323003861,2016-08-15T00:00:00Z,43.20497,-71.2031
1315072334,2016-09-04T00:00:00Z,43.37916,-74.58121
1315062051,2016-09-11T00:00:00Z,42.47942,-76.45118
1306591949,2016-09-05T00:00:00Z,41.59255,-75.32964
1306582723,2016-09-04T00:00:00Z,40.79801,-73.9533
1306580886,2016-09-03T00:00:00Z,45.50263,-75.4973
1305175883,2016-09-01T00:00:00Z,44.52468,-73.27188
1305159869,2016-08-24T00:00:00Z,41.6982,-70.24265
1305159495,2016-08-24T00:00:00Z,43.87104,-75.16748
1305146790,2016-08-18T00:00:00Z,44.96983,-73.1802
1305137221,2016-08-14T00:00:00Z,43.42833,-76.55109
1305130188,2016-08-04T00:00:00Z,44.62563,-73.24
1305128310,2016-07-26T00:00:00Z,41.22962,-74.5642
1305125987,2016-08-02T00:00:00Z,44.74798,-73.31443
1305125427,2016-07-20T00:00:00Z,42.01899,-71.00782
1291681818,2016-07-03T00:00:00Z,43.33278,-72.5252
1291674251,2016-08-04T00:00:00Z,44.55688,-78.21462
1291672829,2016-08-06T00:00:00Z,43.26069,-72.430179999999993
1291670325,2016-07-26T00:00:00Z,41.38587,-72.574
1291666813,2016-08-04T00:00:00Z,44.62659,-73.24128
1291664978,2013-08-06T00:00:00Z,41.32636,-72.90772
1291162287,2016-07-28T00:00:00Z,41.90087,-71.42075
1291154705,2016-07-29T00:00:00Z,44.62582,-73.24091
1291154382,2016-07-29T00:00:00Z,42.39612,-71.1484
1291143825,2016-07-24T00:00:00Z,44.90062,-76.26688
1291141562,2016-07-07T00:00:00Z,44.9899,-77.0853
1291141540,2016-07-23T00:00:00Z,42.48113,-71.47286
1291136142,2016-07-19T00:00:00Z,45.535,-75.869
1291131272,2016-07-17T00:00:00Z,43.71205,-74.97231
1291130225,2016-07-15T00:00:00Z,43.75499,-72.23077
1291129073,2016-07-16T00:00:00Z,44.2666,-73.26902
1291128262,2016-07-15T00:00:00Z,43.57652,-73.41175
1291127639,2016-07-15T00:00:00Z,42.84842,-78.85366
1291125020,2016-07-14T00:00:00Z,42.4796,-76.45067
1291116082,2016-07-09T00:00:00Z,43.8336,-73.70858
1291114113,2016-07-08T00:00:00Z,44.53157,-72.52723
1291112840,2016-07-07T00:00:00Z,45.50181,-75.49776
1291107659,2016-07-04T00:00:00Z,41.52178,-72.82941
1291101912,2016-07-02T00:00:00Z,45.50428,-75.49342
1291097338,2016-06-24T00:00:00Z,41.55537,-75.01906
1291093692,2016-06-27T00:00:00Z,43.69632,-72.96612
1291092388,2016-06-27T00:00:00Z,42.38942,-71.15135
1291092170,2016-06-25T00:00:00Z,40.5321,-74.17372
1291091692,2015-09-22T00:00:00Z,40.52216,-74.19432
1273852877,2016-06-20T00:00:00Z,40.64127,-74.10497
1272089193,2016-06-04T00:00:00Z,41.70876,-72.63753
1272087778,2016-06-04T00:00:00Z,41.72079,-72.62864
1272087760,2016-06-04T00:00:00Z,41.72071,-72.62871
1272086675,2016-06-03T00:00:00Z,41.72893,-72.66288
1265603077,2013-07-20T00:00:00Z,43.67346,-73.23642
1265556731,2015-07-08T00:00:00Z,43.34883,-72.50495
1262021285,1990-07-30T00:00:00Z,45.51667,-74.31667
1262018690,1985-08-06T00:00:00Z,45.813,-71.195
1262017525,1986-08-20T00:00:00Z,45.39,-72.15
1262016985,1987-08-06T00:00:00Z,45.986,-75.043
1262011182,1980-08-21T00:00:00Z,45.6,-75.52
1262010703,1983-07-13T00:00:00Z,45.813,-71.195
1262007105,1979-07-16T00:00:00Z,45.6,-75.1
1262006575,1979-05-16T00:00:00Z,45.903,-75.092
1262003690,1978-07-25T00:00:00Z,45.9,-76.9
1262002033,1976-07-15T00:00:00Z,45.98,-74.5
1261999834,1975-08-12T00:00:00Z,45.19028,-74.36389
1261991696,1971-07-22T00:00:00Z,45.47806,-74.02444
1261327389,1992-08-02T00:00:00Z,44.38888,-74.27222
1253317865,2013-08-10T00:00:00Z,41.38506,-74.90352
1249271913,2009-07-12T00:00:00Z,42.00341,-79.89961
1227724507,2015-08-20T00:00:00Z,40.57744,-74.45348
1227719321,2015-08-05T00:00:00Z,45.86622,-77.7526
1227718955,2015-07-29T00:00:00Z,44.98731,-79.56797
1227718744,2015-07-24T00:00:00Z,41.80373,-72.27947
1227717209,2015-06-20T00:00:00Z,41.56871,-72.78952
1144978224,2015-08-02T00:00:00Z,43.18844,-71.72958
1144977776,2015-08-22T00:00:00Z,40.27143,-74.57979
1143557430,2015-09-06T00:00:00Z,44.53488,-73.27719
1143547312,2015-09-19T00:00:00Z,45.50175,-75.49854
1143538953,2015-09-11T00:00:00Z,42.25611,-71.33889
1143534959,2015-09-07T00:00:00Z,45.50161,-75.49866
1143529146,2015-08-14T00:00:00Z,43.4054,-70.59101
1143529075,2015-07-26T00:00:00Z,43.12616,-71.64842
1135529917,2015-08-26T00:00:00Z,44.5822,-73.19272
1135525949,2015-08-04T00:00:00Z,41.33619,-75.06112
1135354417,2015-08-17T00:00:00Z,45.49887,-75.50219
1135351243,2015-08-13T00:00:00Z,45.37323,-75.79047
1135208297,2015-07-18T00:00:00Z,44.94135,-73.16599
1134969325,2015-08-02T00:00:00Z,44.62469,-73.23486
1134965173,2015-07-25T00:00:00Z,43.80154,-73.31795
1132417382,2015-07-25T00:00:00Z,44.32446,-72.33853
1132416379,2015-07-18T00:00:00Z,44.94135,-73.16599
1099973430,2015-07-05T00:00:00Z,43.63802,-73.26829
1099969290,2015-07-01T00:00:00Z,42.67204,-78.38243
1098916106,2015-06-19T00:00:00Z,41.52501,-72.8299
1052575076,2013-07-04T00:00:00Z,42.67216,-78.38222
1052572013,2014-09-08T00:00:00Z,44.60902,-73.22497
1039018452,1985-07-17T00:00:00Z,41.3678,-72.2361
1038289819,2014-09-11T00:00:00Z,42.38856,-71.14974
1024637645,2013-08-21T00:00:00Z,45.63639,-73.61278
1024227692,2014-09-15T00:00:00Z,44.15727,-72.83678
1024226170,2014-09-13T00:00:00Z,40.19214,-74.73359
1024197795,2014-07-25T00:00:00Z,44.97016,-73.18023
1024193526,2014-07-19T00:00:00Z,40.80285,-74.69773
1024190296,2014-07-14T00:00:00Z,44.23026,-73.27297
923917581,2012-07-16T00:00:00Z,43.72473,-71.44979
923910192,2013-08-12T00:00:00Z,43.47809,-72.69664
891730112,2013-08-22T00:00:00Z,44.25017,-72.254
891726555,2011-08-01T00:00:00Z,43.72668,-72.05711
891724932,2013-07-28T00:00:00Z,43.71679,-71.4467
891724275,2013-07-22T00:00:00Z,44.79183,-71.81848
891722928,2013-08-03T00:00:00Z,44.08518,-73.34539
891722096,2013-08-02T00:00:00Z,43.1768,-72.44854
891120360,2012-07-04T00:00:00Z,43.53978,-72.86604
891113326,2012-08-17T00:00:00Z,43.91608,-70.50751
891111066,2012-08-16T00:00:00Z,44.53472,-73.27775
891095968,2012-08-31T00:00:00Z,43.95687,-73.3028
891089804,2012-07-20T00:00:00Z,44.06903,-73.34913
891064528,2011-08-12T00:00:00Z,43.81888,-74.41994
891059500,2010-07-12T00:00:00Z,43.71612,-71.4456
891039058,1989-08-26T00:00:00Z,43.79033,-73.31489
699271515,1983-07-06T00:00:00Z,41.48166,-72.47777
699268477,2001-09-12T00:00:00Z,43.21694,-71.26333
699259072,1971-08-30T00:00:00Z,43.3875,-72.08777
699257701,1973-07-14T00:00:00Z,41.8375,-73.2625
699257700,1987-07-12T00:00:00Z,42.00583,-72.24166
699257699,1987-09-06T00:00:00Z,41.78416,-72.28055
699257698,1987-07-15T00:00:00Z,41.87916,-72.18833
699257697,1987-08-01T00:00:00Z,41.78861,-72.45305
699257695,1974-07-14T00:00:00Z,41.73194,-72.12583
699257694,1990-08-01T00:00:00Z,41.62527,-72.34416
699257693,1995-07-27T00:00:00Z,41.51055,-72.22722
699257692,1993-07-31T00:00:00Z,41.45416,-73.16166
699257683,1974-07-02T00:00:00Z,41.78944,-72.26027
699257682,1974-08-26T00:00:00Z,41.68805,-72.17361
699257681,1974-07-14T00:00:00Z,41.69972,-72.1575
699257680,1977-07-05T00:00:00Z,41.80305,-72.28111
699257674,1970-07-15T00:00:00Z,41.78444,-72.33944
699257670,1974-06-29T00:00:00Z,41.84333,-72.10666
699257665,1990-07-28T00:00:00Z,41.82666,-72.1425
675234566,1993-08-03T00:00:00Z,41.53944,-72.39694
668793219,1972-07-01T00:00:00Z,45.4,-72.2
668793216,1983-09-15T00:00:00Z,45.11944,-73.25556
606657458,1982-07-25T00:00:00Z,41.58888,-71.87333
606653255,1983-07-16T00:00:00Z,41.94277,-71.82944
606652830,1981-08-29T00:00:00Z,43.24472,-71.91444
473533857,1975-08-12T00:00:00Z,45.19028,-74.36389
473473827,1980-08-08T00:00:00Z,45.86667,-74.58333
473461244,1980-08-05T00:00:00Z,45.29173,-72.99552
473262634,1975-08-28T00:00:00Z,45.68333,-73.66667
473262630,1975-07-15T00:00:00Z,45.7,-73.53333
465867875,1974-08-07T00:00:00Z,44.53981,-76.36788
465867872,1974-08-07T00:00:00Z,44.53981,-76.36788
465867851,1979-07-24T00:00:00Z,45.59739,-76.09951
464636928,1976-08-18T00:00:00Z,45.39131,-71.92033
415954102,2000-08-01T00:00:00Z,41.41805,-72.42722
415953677,2000-08-09T00:00:00Z,41.41805,-72.42722
415949823,2008-08-05T00:00:00Z,41.47611,-72.34166
415944443,2003-09-12T00:00:00Z,41.80833,-72.43
415940403,2005-08-12T00:00:00Z,42.02117,-72.99257
415940347,1993-06-01T00:00:00Z,42.05,-70.88333
415940345,1988-07-22T00:00:00Z,42.28333,-72.34333
415938290,1978-07-25T00:00:00Z,42.34611,-72.63861
415936157,2001-08-29T00:00:00Z,44.99055,-73.25027
415933792,1989-07-08T00:00:00Z,42.03388,-72.15472
415933789,1999-08-01T00:00:00Z,41.73277,-72.37694
415931295,1999-07-29T00:00:00Z,41.32,-73.11166
415928346,1991-07-25T00:00:00Z,41.85638,-72.25777
415923636,1975-09-01T00:00:00Z,41.80833,-72.26611
415922781,1976-07-28T00:00:00Z,41.49138,-72.48638
415922780,1976-08-03T00:00:00Z,41.89972,-72.01361
415922779,1973-09-21T00:00:00Z,41.88527,-72.26194
415922778,1976-07-19T00:00:00Z,41.78833,-72.22944
415922777,1976-06-25T00:00:00Z,41.40166,-72.50111
415922776,1976-08-01T00:00:00Z,41.79055,-72.44333
415922775,1976-07-20T00:00:00Z,41.84333,-72.10666
415922774,1976-08-11T00:00:00Z,41.79666,-72.17111
415922773,1976-07-12T00:00:00Z,41.76861,-72.17388
415922772,1976-07-28T00:00:00Z,41.46722,-72.46944
415889470,1997-10-03T00:00:00Z,41.08444,-73.64166
